True_Open,True_High,True_Low,True_Close,Predicted_Open,Predicted_High,Predicted_Low,Predicted_Close
7.2507,7.2507,7.2424,7.2507,7.246473789215088,7.245116233825684,7.2501606941223145,7.248965263366699
7.2507,7.2512,7.2424,7.2507,7.248847007751465,7.24577522277832,7.251420974731445,7.2487592697143555
7.2507,7.2513,7.2424,7.2507,7.247886657714844,7.245185852050781,7.2495551109313965,7.246660232543945
7.2507,7.2512,7.2424,7.2507,7.250709533691406,7.248358726501465,7.250349521636963,7.247276782989502
7.256,7.268,7.2425,7.2535,7.254554271697998,7.251589775085449,7.251768112182617,7.248178482055664
7.2828,7.2852,7.2361,7.2379999999999995,7.261672496795654,7.2614970207214355,7.258084774017334,7.256089687347412
7.276,7.2892,7.2713,7.2846,7.287164211273193,7.287685871124268,7.282301902770996,7.282154560089111
7.27,7.283,7.2633,7.277,7.282601833343506,7.280082702636719,7.281729698181152,7.279113292694092
7.271,7.287,7.2555,7.262,7.277232646942139,7.274739742279053,7.272724628448486,7.270328044891357
7.3235,7.3244,7.2511,7.279,7.285798072814941,7.28434419631958,7.276458263397217,7.2755279541015625
7.3309,7.3311,7.3229999999999995,7.3249,7.317575454711914,7.324619293212891,7.316677093505859,7.321271896362305
7.331,7.3319,7.3295,7.3316,7.319382190704346,7.316122531890869,7.330117225646973,7.327620983123779
7.3312,7.3321,7.3285,7.3319,7.323305130004883,7.320091724395752,7.331419944763184,7.326739311218262
7.331,7.3316,7.3276,7.3311,7.339699745178223,7.335966110229492,7.339267253875732,7.333489418029785
7.3311,7.3322,7.33,7.3319,7.332830905914307,7.328402042388916,7.336002826690674,7.330196380615234
7.3309,7.332900000000001,7.3289,7.3327,7.326748847961426,7.323237895965576,7.336032390594482,7.330699443817139
7.3312,7.3323,7.3289,7.3322,7.335124969482422,7.329843997955322,7.340956687927246,7.334414005279541
7.3289,7.3325,7.3289,7.3317,7.340599536895752,7.333312511444092,7.3428955078125,7.335100173950195
7.3282,7.3294,7.3211,7.3284,7.341222286224365,7.333544731140137,7.341667175292969,7.333314895629883
7.3175,7.3301,7.3106,7.327,7.342944622039795,7.335491180419922,7.34052038192749,7.3321733474731445
7.2988,7.322,7.2988,7.3216,7.333273887634277,7.327536582946777,7.328749656677246,7.321520805358887
7.298,7.2999,7.2891,7.2994,7.313660144805908,7.309933185577393,7.308111190795898,7.302683353424072
7.2994,7.2996,7.2993,7.2994,7.304147243499756,7.299178123474121,7.301980972290039,7.296978950500488
7.2974,7.2999,7.292,7.2994,7.299239635467529,7.293534278869629,7.30462121963501,7.298472881317139
7.2974,7.2997,7.2967,7.2994,7.299177646636963,7.293525695800781,7.303237438201904,7.296391487121582
7.2979,7.2998,7.2889,7.295,7.2981858253479,7.293025016784668,7.303244590759277,7.296506404876709
7.298,7.2998,7.2968,7.2975,7.299010753631592,7.294125080108643,7.3024091720581055,7.296069622039795
7.2957,7.2994,7.294,7.294,7.299589157104492,7.294165134429932,7.3037333488464355,7.29702615737915
7.2985,7.2993,7.2941,7.2946,7.300877094268799,7.294691562652588,7.302364349365234,7.295182228088379
7.29,7.2998,7.29,7.297,7.30374002456665,7.298193454742432,7.3050079345703125,7.298222541809082
7.293200000000001,7.2998,7.2932,7.2944,7.2965192794799805,7.291430950164795,7.296518802642822,7.290553569793701
7.2975,7.2999,7.2946,7.2946,7.2934651374816895,7.290602684020996,7.297404766082764,7.293434143066406
7.28,7.2875,7.28,7.2848,7.296270847320557,7.292710781097412,7.301733016967773,7.298090934753418
7.2868,7.2875,7.2776,7.284,7.2832512855529785,7.277741432189941,7.284142017364502,7.280740737915039
7.2717,7.285,7.271700000000001,7.2836,7.280338764190674,7.280027389526367,7.286992073059082,7.2869367599487305
7.273,7.2827,7.2725,7.2731,7.275599479675293,7.27237606048584,7.276545524597168,7.275257110595703
7.2595,7.2726,7.257,7.27,7.273622035980225,7.271904945373535,7.2758941650390625,7.275354385375977
7.2466,7.2791,7.2406,7.2615,7.2730865478515625,7.269276142120361,7.267185688018799,7.26511287689209
7.258,7.2642,7.2387,7.2491,7.264209747314453,7.2645440101623535,7.254319190979004,7.254751682281494
7.2743,7.2805,7.256,7.2562,7.271604061126709,7.2701826095581055,7.263366222381592,7.263495922088623
7.2636,7.2733,7.2521,7.2733,7.281035423278809,7.279535293579102,7.280181884765625,7.279507637023926
7.267,7.2752,7.254,7.2555,7.278652191162109,7.27506160736084,7.271986961364746,7.269305229187012
7.2785,7.2835,7.2625,7.2679,7.273656368255615,7.272335052490234,7.27067232131958,7.269855499267578
7.284,7.2975,7.2777,7.287,7.281452655792236,7.281716823577881,7.282461643218994,7.282276153564453
7.2515,7.275,7.2515,7.274,7.280954837799072,7.281922340393066,7.285655975341797,7.285467624664307
7.234500000000001,7.248,7.2266,7.248,7.260128498077393,7.2577223777771,7.252976417541504,7.2517900466918945
7.2394,7.2544,7.238,7.245,7.242732048034668,7.2425055503845215,7.233269691467285,7.2342424392700195
7.2486,7.2582,7.2436,7.247,7.242196559906006,7.243882656097412,7.240249156951904,7.241776466369629
7.2522,7.2591,7.2466,7.2503,7.251232624053955,7.250741958618164,7.250767230987549,7.249907493591309
7.2383,7.2487,7.2367,7.2448,7.255378246307373,7.2538580894470215,7.255438804626465,7.252904891967773
7.244,7.2526,7.244,7.2478,7.2466654777526855,7.243350505828857,7.243674278259277,7.239916801452637
7.2432,7.2439,7.2361,7.2418,7.2449116706848145,7.245112419128418,7.249152183532715,7.247004508972168
7.2388,7.2474,7.2378,7.2455,7.247361183166504,7.243621349334717,7.249639987945557,7.245589733123779
7.2316,7.245,7.2295,7.2395,7.239119052886963,7.237351894378662,7.244410991668701,7.241617679595947
7.2375,7.2459,7.2298,7.2315,7.238301753997803,7.236780643463135,7.239445209503174,7.237213611602783
7.2352,7.2418,7.2257,7.2288,7.246000289916992,7.244698524475098,7.245481967926025,7.243808746337891
7.2291,7.2472,7.2256,7.2279,7.246184825897217,7.243361949920654,7.242645263671875,7.24033784866333
7.2231,7.235,7.2049,7.233,7.240294933319092,7.240419387817383,7.236563205718994,7.235858917236328
7.2195,7.2424,7.2175,7.2355,7.234659671783447,7.236302375793457,7.225856304168701,7.226484298706055
7.1797,7.2152,7.1758,7.215,7.216071128845215,7.2207183837890625,7.215818405151367,7.218761444091797
7.1543,7.186,7.1391,7.186,7.187989234924316,7.189399719238281,7.175984859466553,7.178126335144043
7.183,7.1866,7.1331,7.1455,7.158863067626953,7.163877010345459,7.145567893981934,7.150868892669678
7.1298,7.1803,7.1216,7.1796,7.170441150665283,7.177049160003662,7.169097900390625,7.176478385925293
7.107,7.1111,7.1011,7.106,7.137398719787598,7.139576435089111,7.127528667449951,7.13157320022583
7.1116,7.1154,7.0858,7.1011,7.108729839324951,7.104870796203613,7.098444938659668,7.09920597076416
7.1145,7.1337,7.11,7.13,7.117372035980225,7.120439052581787,7.1110687255859375,7.113502025604248
7.12,7.1258,7.114,7.1176,7.118922233581543,7.1235198974609375,7.116501331329346,7.118836879730225
7.1332,7.137,7.115,7.115,7.112788200378418,7.11629056930542,7.1141533851623535,7.1159281730651855
7.1315,7.1431,7.1268,7.128,7.127566337585449,7.134456157684326,7.129949569702148,7.13303804397583
7.1339,7.1354,7.1215,7.1266,7.135152816772461,7.139405250549316,7.13353157043457,7.135129928588867
7.1175,7.1277,7.1156,7.122,7.131864547729492,7.1354827880859375,7.130589008331299,7.132126808166504
7.127,7.127,7.1103,7.1203,7.125021457672119,7.126523971557617,7.119460582733154,7.1196675300598145
7.130699999999999,7.1341,7.1235,7.1325,7.13388204574585,7.138180255889893,7.1279168128967285,7.1292724609375
7.1199,7.1258,7.1194,7.124,7.133792877197266,7.138025760650635,7.130429744720459,7.131402492523193
7.1037,7.121,7.0965,7.121,7.121883869171143,7.124556064605713,7.118289470672607,7.11804723739624
7.1199,7.1255,7.0999,7.103,7.111123561859131,7.117029190063477,7.103334426879883,7.104399681091309
7.122,7.1283,7.1155,7.1235,7.116713047027588,7.125210762023926,7.114404201507568,7.118052005767822
7.121,7.1244,7.1115,7.1197,7.112117290496826,7.118655681610107,7.115762233734131,7.118068695068359
7.0888,7.1218,7.0872,7.1193,7.10902214050293,7.113896369934082,7.11307954788208,7.114530563354492
7.0795,7.09,7.073,7.09,7.094418525695801,7.0989227294921875,7.087647914886475,7.088728427886963
7.0744,7.0782,7.0628,7.0669,7.084698677062988,7.087450981140137,7.0754594802856445,7.076817989349365
7.074,7.083,7.062,7.0768,7.073525428771973,7.0753865242004395,7.068008899688721,7.069725036621094
7.065,7.0838,7.0542,7.08,7.065762996673584,7.071413993835449,7.065995216369629,7.070427894592285
7.056,7.0818,7.0481,7.0648,7.054632186889648,7.060489654541016,7.054574489593506,7.05991268157959
7.0176,7.0186,7.0176,7.0186,7.04864501953125,7.053669452667236,7.046597957611084,7.052295684814453
7.0186,7.0186,7.0186,7.0186,7.025862216949463,7.016597270965576,7.013495445251465,7.0097832679748535
7.0186,7.0186,7.0186,7.0186,7.019216060638428,7.018535137176514,7.016695022583008,7.015768051147461
7.0215,7.0215,7.0176,7.0176,7.016434192657471,7.013999938964844,7.0165839195251465,7.013197422027588
7.0176,7.0176,7.0176,7.0176,7.01427698135376,7.014005661010742,7.0176310539245605,7.0147624015808105
7.0155,7.0215,7.011,7.0215,7.011334419250488,7.010697364807129,7.014969348907471,7.011287689208984
7.016,7.019,7.0109,7.0111,7.010962963104248,7.012592315673828,7.012998104095459,7.010203838348389
7.0316,7.0316,7.009,7.011,7.015751361846924,7.015781879425049,7.014698505401611,7.011012077331543
7.0203,7.0346,7.0158,7.034,7.03220272064209,7.034374713897705,7.029527187347412,7.02708101272583
7.0555,7.0635,7.0316,7.0318,7.0293707847595215,7.029321193695068,7.022354602813721,7.018038272857666
7.0461,7.0608,7.0443,7.0525,7.056656837463379,7.063875198364258,7.05387544631958,7.0541558265686035
7.0584,7.0625,7.042500000000001,7.048,7.06096076965332,7.060062885284424,7.051373481750488,7.046557426452637
7.103,7.1088,7.06,7.064,7.0669050216674805,7.070153713226318,7.059853553771973,7.057186126708984
7.0973,7.0999,7.0708,7.078,7.099456310272217,7.1109843254089355,7.099337100982666,7.102184295654297
7.0972,7.0972,7.0958,7.0958,7.098723411560059,7.101196765899658,7.094528675079346,7.092294692993164
7.0935,7.0935,7.0935,7.0935,7.091198444366455,7.096576690673828,7.0948309898376465,7.0932722091674805
7.1068,7.1116,7.09,7.0958,7.095667362213135,7.098000526428223,7.094150543212891,7.090358734130859
7.1245,7.1245,7.1155,7.1173,7.107675075531006,7.113472938537598,7.104483604431152,7.102925777435303
7.1215,7.1215,7.1076,7.1192,7.118269920349121,7.123798370361328,7.119597434997559,7.118390083312988
7.1181,7.1258,7.1171,7.12,7.119228363037109,7.120388031005859,7.1166300773620605,7.113419055938721
7.1079,7.1177,7.1058,7.1142,7.122159004211426,7.123075485229492,7.119086742401123,7.116319179534912
7.0858,7.1,7.0809,7.1,7.119518756866455,7.117561340332031,7.111310958862305,7.107486248016357
7.101,7.1039,7.086,7.0888,7.102909564971924,7.100265979766846,7.089971542358398,7.086385250091553
7.115,7.1181,7.1061,7.1125,7.103375434875488,7.106321334838867,7.098926067352295,7.100180149078369
7.1205,7.1256,7.1137,7.1204,7.105098247528076,7.108685493469238,7.108757972717285,7.110523700714111
7.0993,7.1194,7.095,7.117,7.11134147644043,7.113964080810547,7.114795684814453,7.115655422210693
7.091,7.1016,7.0832999999999995,7.092,7.1074066162109375,7.108040809631348,7.100114822387695,7.099216938018799
7.1293,7.131499999999999,7.0908,7.098,7.105306625366211,7.1060686111450195,7.093331813812256,7.093161582946777
7.1254,7.1353,7.1218,7.129,7.1254682540893555,7.1342692375183105,7.121840953826904,7.127284526824951
7.1246,7.1317,7.1207,7.1237,7.124285697937012,7.127381801605225,7.121429920196533,7.12270450592041
7.115,7.1244,7.1135,7.1218,7.132077217102051,7.136155128479004,7.123168468475342,7.124329090118408
7.1433,7.1471,7.1195,7.121,7.133955001831055,7.137115001678467,7.1169257164001465,7.117835998535156
7.1314,7.148,7.1305,7.148,7.150486946105957,7.160107612609863,7.137543201446533,7.143686294555664
7.135,7.1415,7.1257,7.13,7.144407272338867,7.1502909660339355,7.12870979309082,7.133439540863037
7.130699999999999,7.1497,7.1285,7.1297,7.146791934967041,7.154404640197754,7.1299004554748535,7.137267112731934
7.1481,7.1563,7.1313,7.139,7.147326946258545,7.154813289642334,7.129077434539795,7.137884616851807
7.1798,7.1798,7.1588,7.1595,7.156121253967285,7.166001319885254,7.140883445739746,7.152173042297363
7.158,7.177,7.1529,7.1754,7.172990322113037,7.183633804321289,7.166037559509277,7.1781415939331055
7.1483,7.1543,7.1346,7.14,7.165831565856934,7.1717143058776855,7.150055885314941,7.1590447425842285
7.1812,7.1828,7.1495,7.1542,7.163398742675781,7.1686177253723145,7.142193794250488,7.152305603027344
7.174100000000001,7.1827,7.1717,7.1744,7.18057918548584,7.190901279449463,7.168360233306885,7.182215213775635
7.1764,7.1794,7.162,7.1688,7.181341648101807,7.1837382316589355,7.166293144226074,7.1752400398254395
7.1745,7.18,7.1555,7.1753,7.186408042907715,7.19137716293335,7.168423652648926,7.178036689758301
7.1688,7.1868,7.1688,7.1757,7.1888227462768555,7.193947792053223,7.168039798736572,7.178216934204102
7.154,7.1622,7.1405,7.1582,7.182388782501221,7.187493324279785,7.164244174957275,7.174981594085693
7.1403,7.1567,7.1122,7.1395,7.183624744415283,7.184569358825684,7.154905319213867,7.164028644561768
7.2446,7.2469,7.155,7.1704,7.1784844398498535,7.1804518699646,7.144606113433838,7.155689239501953
7.2128000000000005,7.2491,7.2095,7.246,7.237154960632324,7.255641460418701,7.226297855377197,7.246364593505859
7.2288,7.242,7.213,7.2265,7.237884044647217,7.238458633422852,7.214174747467041,7.222762584686279
7.2633,7.2648,7.2366,7.245,7.246838092803955,7.255312919616699,7.2262749671936035,7.237597942352295
7.2528,7.261,7.2514,7.2605,7.274755954742432,7.281403064727783,7.259683132171631,7.26992130279541
7.241,7.2544,7.228,7.2502,7.268762588500977,7.267911911010742,7.252951622009277,7.258776664733887
7.2598,7.2638,7.208,7.245,7.263665676116943,7.265436172485352,7.243582725524902,7.250433921813965
7.277,7.2776,7.2618,7.264,7.27768087387085,7.280801773071289,7.2578840255737305,7.2663960456848145
7.2729,7.2757,7.2727,7.2747,7.282140731811523,7.277910232543945,7.276091575622559,7.2795329093933105
7.2732,7.2739,7.2707,7.2736,7.287752151489258,7.27913236618042,7.278977870941162,7.27626895904541
7.2655,7.2699,7.2651,7.2698,7.296061038970947,7.287989616394043,7.284121036529541,7.279223918914795
7.2565,7.262,7.2518,7.262,7.284541130065918,7.275854587554932,7.275298118591309,7.269598007202148
7.2683,7.2688,7.2522,7.2636,7.2660722732543945,7.259461879730225,7.262211799621582,7.257721424102783
7.2644,7.2688,7.2644,7.2685,7.268530368804932,7.2649455070495605,7.271364688873291,7.268427848815918
7.2602,7.2638,7.2576,7.259,7.2683186531066895,7.260483264923096,7.270977973937988,7.265352249145508
7.2603,7.2652,7.2482,7.25,7.268407344818115,7.260239601135254,7.267613410949707,7.261622428894043
7.274899999999999,7.275,7.2492,7.2576,7.275087356567383,7.26745080947876,7.270090579986572,7.264712810516357
7.275,7.2762,7.2748,7.276,7.2849602699279785,7.279176235198975,7.281711578369141,7.277769565582275
7.2708,7.2729,7.2708,7.2726,7.284030437469482,7.275417327880859,7.2834696769714355,7.277556896209717
7.2695,7.2707999999999995,7.2672,7.268,7.285179138183594,7.276456832885742,7.279767036437988,7.273252964019775
7.2656,7.2697,7.265,7.2685,7.286923885345459,7.2789435386657715,7.278845310211182,7.273017406463623
7.2704,7.272000000000001,7.2667,7.2697,7.27875280380249,7.271629333496094,7.272441864013672,7.26793098449707
7.2724,7.2737,7.2676,7.2699,7.275594234466553,7.270730972290039,7.273759841918945,7.271183490753174
7.27,7.2714,7.27,7.2713,7.2769694328308105,7.271374225616455,7.275568962097168,7.273114204406738
7.2671,7.2686,7.267,7.2683,7.2750678062438965,7.268664836883545,7.273673057556152,7.270941734313965
7.267,7.2688,7.262,7.2672,7.273788928985596,7.267217636108398,7.271510601043701,7.268641471862793
7.2667,7.2693,7.2666,7.2688,7.27480936050415,7.2688727378845215,7.271773815155029,7.269116401672363
7.2648,7.2671,7.2648,7.2667,7.274139404296875,7.2679524421691895,7.272552490234375,7.269325256347656
7.2605,7.2631,7.2584,7.2629,7.2736124992370605,7.267247676849365,7.271647930145264,7.267874240875244
7.261,7.2624,7.2569,7.2598,7.271320819854736,7.265318870544434,7.268136501312256,7.264437198638916
7.26,7.2614,7.26,7.2609,7.269044876098633,7.264110565185547,7.267727851867676,7.264703750610352
7.2595,7.2607,7.2587,7.2604,7.267323970794678,7.261979579925537,7.2673115730285645,7.263835430145264
7.2554,7.2574,7.2552,7.2572,7.268064498901367,7.262630939483643,7.267205715179443,7.263260364532471
7.2554,7.2566,7.2538,7.2538,7.267490386962891,7.2612624168396,7.264225482940674,7.259617805480957
7.254500000000001,7.2564,7.2536,7.2562,7.266556262969971,7.260818004608154,7.26380729675293,7.259313106536865
7.2543,7.2562,7.2539,7.2557,7.2648797035217285,7.259404182434082,7.262818813323975,7.25821590423584
7.2481,7.2527,7.2479,7.2523,7.261642932891846,7.256559371948242,7.26114559173584,7.256636619567871
7.2525,7.2539,7.238,7.2379999999999995,7.255070686340332,7.250010013580322,7.254188537597656,7.249721050262451
7.2516,7.2547,7.2516,7.2545,7.255410671234131,7.251685619354248,7.255706787109375,7.252528190612793
7.2477,7.2477,7.2477,7.2477,7.251729488372803,7.2476043701171875,7.256195545196533,7.2521281242370605
7.245,7.248,7.2397,7.248,7.2477922439575195,7.241799354553223,7.2511796951293945,7.245539665222168
7.2456,7.2475,7.2424,7.2447,7.249146938323975,7.244756698608398,7.250062465667725,7.244621276855469
7.2418,7.2482,7.2418,7.2477,7.2505083084106445,7.245225429534912,7.2516303062438965,7.245444297790527
7.242,7.2463,7.2357,7.2402,7.24790096282959,7.242842674255371,7.249216556549072,7.242706298828125
7.2436,7.247,7.2413,7.2413,7.25062894821167,7.245589733123779,7.250306129455566,7.243890762329102
7.232,7.2445,7.232,7.2421,7.251766204833984,7.2464776039123535,7.253162860870361,7.2466511726379395
7.2493,7.2499,7.2288,7.232,7.243621349334717,7.238528251647949,7.2422051429748535,7.2360429763793945
7.248,7.2496,7.2469,7.2495,7.252521514892578,7.250977039337158,7.254672050476074,7.251373291015625
7.2448,7.2472,7.2441,7.2441,7.251726150512695,7.246735572814941,7.256010055541992,7.250693321228027
7.2425,7.2455,7.2425,7.245,7.247056484222412,7.242305278778076,7.250739574432373,7.245453834533691
7.2415,7.2456,7.2395,7.2435,7.2493896484375,7.245485782623291,7.250830173492432,7.245784759521484
7.2431,7.2457,7.2388,7.2422,7.246613025665283,7.242834091186523,7.24806022644043,7.243342399597168
7.2389,7.2416,7.2373,7.241600000000001,7.2443695068359375,7.241353511810303,7.247860908508301,7.24384069442749
7.2391,7.2418,7.2324,7.2377,7.243013381958008,7.238723278045654,7.244986057281494,7.2403178215026855
7.2293,7.235,7.2286,7.2342,7.24337100982666,7.239762783050537,7.244380950927734,7.240177154541016
7.2262,7.2277,7.2177,7.225399999999999,7.237707614898682,7.232553005218506,7.236001968383789,7.23101282119751
7.2088,7.2236,7.2076,7.2199,7.2327423095703125,7.228496551513672,7.230492115020752,7.226198673248291
7.2331,7.2347,7.2109,7.2176,7.219791412353516,7.215693950653076,7.2147650718688965,7.210731506347656
7.2349,7.238,7.2294,7.233,7.230452537536621,7.231801509857178,7.232911586761475,7.232217788696289
7.2304,7.2355,7.2304,7.2332,7.234034538269043,7.230376720428467,7.23783540725708,7.233802318572998
7.2241,7.2272,7.222499999999999,7.227,7.23005485534668,7.226351261138916,7.233137130737305,7.228402614593506
7.225,7.2268,7.2178,7.2212,7.230958938598633,7.226728439331055,7.229761123657227,7.224491119384766
7.2215,7.2287,7.2215,7.2236,7.230008602142334,7.226402282714844,7.229354381561279,7.224803924560547
7.2152,7.2198,7.2141,7.2181,7.225992202758789,7.222404956817627,7.226808547973633,7.222456932067871
7.2051,7.2166,7.2011,7.2077,7.223267078399658,7.218334674835205,7.221053600311279,7.2161993980407715
7.2422,7.2422,7.2422,7.2422,7.217508792877197,7.213159084320068,7.21151065826416,7.207454681396484
7.2401,7.2401,7.2401,7.2401,7.2364606857299805,7.238730430603027,7.245517730712891,7.244030952453613
7.2401,7.2401,7.2401,7.2401,7.24567174911499,7.237915992736816,7.2458815574646,7.238475322723389
7.2385,7.2445,7.2377,7.2422,7.245820045471191,7.241016387939453,7.246370315551758,7.240057945251465
7.2455,7.2468,7.2222,7.225,7.249206066131592,7.244700908660889,7.248232364654541,7.242024898529053
7.2438,7.2472,7.2432,7.2465,7.252993106842041,7.248633861541748,7.251121520996094,7.246340751647949
7.2456,7.2479,7.238,7.2396,7.2475504875183105,7.2430195808410645,7.251770973205566,7.246554374694824
7.2435,7.2464,7.2433,7.246100000000001,7.249696731567383,7.2444658279418945,7.252044200897217,7.246529579162598
7.2442,7.2471,7.2439,7.2448,7.252321243286133,7.2465057373046875,7.2522993087768555,7.24606990814209
7.2404,7.2441,7.2404,7.244,7.252114295959473,7.246273040771484,7.25145149230957,7.245116233825684
7.2391,7.243,7.2385,7.239,7.24954891204834,7.24359655380249,7.247403144836426,7.241011142730713
7.234500000000001,7.2396,7.2325,7.2382,7.247149467468262,7.241750717163086,7.245359420776367,7.2395124435424805
7.2341,7.2408,7.2335,7.2383,7.2420783042907715,7.2369585037231445,7.240024089813232,7.234530448913574
7.2404,7.2404,7.2319,7.2379999999999995,7.237583160400391,7.23392915725708,7.2382330894470215,7.233706474304199
7.236,7.2389,7.236,7.2378,7.240477561950684,7.236866474151611,7.242647171020508,7.2382330894470215
7.2357,7.2378,7.2357,7.2372,7.2380757331848145,7.232537269592285,7.240185737609863,7.234442710876465
7.2357,7.2376,7.2341,7.2365,7.239161968231201,7.234147548675537,7.241058349609375,7.23513650894165
7.2323,7.2348,7.2276,7.2345,7.242229461669922,7.236661434173584,7.242525100708008,7.235969066619873
7.2331,7.234600000000001,7.2283,7.2329,7.240932941436768,7.2350335121154785,7.239168643951416,7.232423305511475
7.228,7.2343,7.2275,7.231,7.241030693054199,7.2357611656188965,7.239996910095215,7.233716011047363
7.2332,7.2332,7.2332,7.2332,7.2394890785217285,7.23341178894043,7.236758232116699,7.230130672454834
7.233,7.2337,7.233,7.233,7.2422966957092285,7.236849308013916,7.241318702697754,7.234943866729736
7.232799999999999,7.2364,7.227,7.232,7.2427263259887695,7.236323833465576,7.241064071655273,7.234184741973877
7.2305,7.2364,7.2304,7.232,7.24167537689209,7.237007141113281,7.239309310913086,7.233783721923828
7.2255,7.2311,7.2255,7.2308,7.238456726074219,7.233961582183838,7.236840724945068,7.232003211975098
7.2258,7.2281,7.2188,7.2215,7.232884883880615,7.228244781494141,7.2305073738098145,7.226096153259277
7.2265,7.2303,7.222,7.2256,7.2314066886901855,7.227320194244385,7.228820323944092,7.225366115570068
7.2184,7.229,7.2184,7.2265,7.230459213256836,7.2269792556762695,7.229525089263916,7.226385593414307
7.205,7.2202,7.2038,7.215,7.224639892578125,7.220981597900391,7.221979141235352,7.218575477600098
7.2168,7.2168,7.1943,7.212,7.2162346839904785,7.212804317474365,7.209236145019531,7.206262588500977
7.199,7.2303,7.199,7.228999999999999,7.220641613006592,7.220088958740234,7.2161688804626465,7.215174198150635
7.195800000000001,7.1996,7.1944,7.1994,7.207813739776611,7.207921504974365,7.202484607696533,7.201460838317871
7.1986,7.1998,7.1965,7.1967,7.206760406494141,7.202249050140381,7.198529243469238,7.195589065551758
7.1978,7.1996,7.1974,7.1996,7.209641933441162,7.2054595947265625,7.204198837280273,7.2006144523620605
7.1967,7.1986,7.196,7.1986,7.209301948547363,7.204594135284424,7.204650402069092,7.199941158294678
7.1957,7.1971,7.1944,7.1965,7.204776763916016,7.201190948486328,7.202059268951416,7.197780609130859
7.189,7.195,7.1881,7.195,7.20159387588501,7.1984758377075195,7.200222969055176,7.196470260620117
7.1831,7.1952,7.1831,7.187,7.1959309577941895,7.1927409172058105,7.193282604217529,7.189889430999756
7.177499999999999,7.1831,7.171,7.1831,7.191656589508057,7.189072608947754,7.187613010406494,7.185131072998047
7.1888,7.1925,7.1793,7.180900000000001,7.18830680847168,7.184695243835449,7.181098937988281,7.178384780883789
7.1899,7.1945,7.1798,7.1876,7.192476272583008,7.1910929679870605,7.190120697021484,7.1887736320495605
7.1946,7.199,7.192,7.1931,7.197007656097412,7.193790912628174,7.19260835647583,7.189839839935303
7.1972,7.1996,7.197,7.1971,7.199146270751953,7.196637153625488,7.1973795890808105,7.194430351257324
7.1979,7.1997,7.193,7.197,7.20237398147583,7.198974609375,7.201043605804443,7.196963787078857
7.1962,7.1996,7.1958,7.1986,7.202625751495361,7.199382305145264,7.201141357421875,7.196868419647217
7.1925,7.1994,7.1925,7.196,7.199113845825195,7.196159362792969,7.199695587158203,7.195511817932129
7.1967,7.1967,7.1875,7.1878,7.196038246154785,7.193110942840576,7.19656229019165,7.192521095275879
7.1979,7.1995,7.1976,7.1976,7.200212001800537,7.19684362411499,7.200096607208252,7.196216583251953
7.1971,7.1988,7.1958,7.1981,7.201347827911377,7.197386264801025,7.202928066253662,7.198328018188477
7.196,7.1988,7.1956,7.198,7.203139781951904,7.198251247406006,7.202597141265869,7.197089672088623
7.1944,7.1995,7.1897,7.1953,7.205660820007324,7.2005438804626465,7.203090190887451,7.197109699249268
7.1891,7.195,7.1856,7.1937,7.205883026123047,7.200847625732422,7.201544761657715,7.195555686950684
7.1953,7.1966,7.177499999999999,7.1905,7.20037317276001,7.195283889770508,7.196015357971191,7.190070629119873
7.1962,7.1992,7.1897,7.1925,7.200586318969727,7.197842597961426,7.198575973510742,7.194337368011475
7.1936,7.1988,7.1936,7.1987,7.198873043060303,7.195060729980469,7.20041036605835,7.1957197189331055
7.1929,7.193600000000001,7.1929,7.1936,7.196285724639893,7.192529201507568,7.198502063751221,7.193480491638184
7.1936,7.193600000000001,7.1929,7.1929,7.196969509124756,7.192361831665039,7.1977410316467285,7.192227363586426
7.1929,7.193600000000001,7.1927,7.1927,7.197479248046875,7.192972660064697,7.198085784912109,7.192613124847412
7.1936,7.193600000000001,7.1936,7.1936,7.197288990020752,7.192486763000488,7.197298049926758,7.191712856292725
7.1937,7.1977,7.191,7.1929,7.198375225067139,7.193543910980225,7.198019981384277,7.192427635192871
7.1888,7.1973,7.1888,7.197,7.200311660766602,7.195818901062012,7.198486328125,7.193179130554199
7.188,7.1961,7.182,7.1957,7.198022365570068,7.193758010864258,7.194480895996094,7.1892991065979
7.194,7.1981,7.1867,7.1883,7.196279048919678,7.193284511566162,7.192059516906738,7.187850475311279
7.1955,7.1989,7.1936,7.1988,7.200049877166748,7.196878910064697,7.197825908660889,7.193876266479492
7.1799,7.194,7.176,7.194,7.201809883117676,7.198134422302246,7.200938701629639,7.196049213409424
7.1768,7.1848,7.1763,7.1799,7.193062782287598,7.189321041107178,7.186178207397461,7.181224346160889
7.1764,7.1823,7.167,7.1695,7.188263416290283,7.185686111450195,7.182514667510986,7.178927421569824
7.1751,7.18,7.1743,7.1789,7.1867218017578125,7.1838507652282715,7.18078088760376,7.177692890167236
7.179,7.1834,7.1764,7.181,7.181738376617432,7.17961311340332,7.178861141204834,7.176013469696045
7.173,7.182,7.1701,7.1785,7.181887626647949,7.180942535400391,7.1805419921875,7.178264617919922
7.1518,7.1746,7.1518,7.1746,7.1802449226379395,7.178524494171143,7.17520809173584,7.172640323638916
7.1669,7.176,7.1429,7.158,7.166233539581299,7.165238380432129,7.1552324295043945,7.153476715087891
7.1916,7.193600000000001,7.1627,7.171000000000001,7.172682285308838,7.1757378578186035,7.16435432434082,7.166317939758301
7.194,7.1975,7.191,7.191,7.188929557800293,7.191550254821777,7.1869659423828125,7.189067840576172
7.1937,7.1966,7.1878,7.1932,7.193548202514648,7.191593170166016,7.193549633026123,7.19176721572876
7.1862,7.1973,7.1862,7.196,7.200201511383057,7.198301792144775,7.195684909820557,7.192680835723877
7.1872,7.1995,7.1872,7.1965,7.1989898681640625,7.197327613830566,7.191043376922607,7.187762260437012
7.1788,7.194,7.1749,7.1872,7.195385456085205,7.195356845855713,7.189911842346191,7.187870025634766
7.18,7.1806,7.1657,7.172,7.189923286437988,7.188333511352539,7.181769371032715,7.179646968841553
7.1657,7.1735,7.1583,7.169,7.189437389373779,7.186716079711914,7.181349277496338,7.179488182067871
7.1669,7.1724,7.1551,7.167,7.177957057952881,7.173919677734375,7.1690168380737305,7.166430950164795
7.1731,7.1766,7.1667,7.1724,7.174618721008301,7.173709869384766,7.1679368019104,7.167065143585205
7.1561,7.1688,7.154,7.1688,7.1772661209106445,7.176286697387695,7.173350811004639,7.172157287597656
7.1488,7.1635,7.1447,7.1529,7.167370796203613,7.164302825927734,7.157861232757568,7.155107021331787
7.1683,7.1714,7.1383,7.146,7.160879135131836,7.160545825958252,7.150712966918945,7.1497931480407715
7.156,7.162,7.1461,7.162000000000001,7.171292781829834,7.173999786376953,7.165039539337158,7.166682243347168
7.1455,7.1536,7.1399,7.149,7.15805196762085,7.156899929046631,7.153634548187256,7.152860641479492
7.1096,7.1442,7.1077,7.1429,7.145695686340332,7.146137237548828,7.14236307144165,7.142490863800049
7.0978,7.0978,7.0978,7.0978,7.12605094909668,7.127299785614014,7.111924171447754,7.112599849700928
7.097,7.113999999999999,7.0865,7.0978,7.111100673675537,7.1079325675964355,7.096946716308594,7.096383571624756
7.13,7.1301,7.0983,7.1124,7.10247278213501,7.10571813583374,7.094422817230225,7.097347736358643
7.142,7.1499,7.1405,7.144,7.122779846191406,7.130167007446289,7.120996475219727,7.126468658447266
7.1355,7.1476,7.1355,7.1425,7.129549980163574,7.133973121643066,7.134074687957764,7.13700008392334
7.133,7.139,7.1302,7.1366,7.134311676025391,7.135842323303223,7.131930351257324,7.131989002227783
7.142,7.150199999999999,7.123,7.1355,7.141666412353516,7.142052173614502,7.134336948394775,7.132950782775879
7.1382,7.15,7.1301,7.141,7.147527694702148,7.15001106262207,7.141502380371094,7.141305446624756
7.1287,7.1414,7.1225,7.1382,7.143875598907471,7.144533157348633,7.139396667480469,7.1382269859313965
7.1351,7.1474,7.1165,7.12,7.138213634490967,7.13787841796875,7.131390571594238,7.129606246948242
7.1179,7.1361,7.1179,7.1326,7.146570205688477,7.147402286529541,7.138069152832031,7.137638568878174
7.118800000000001,7.126,7.0972,7.123,7.1367597579956055,7.134389877319336,7.124724388122559,7.122014999389648
7.1725,7.172499999999999,7.0955,7.1099,7.1306867599487305,7.131694316864014,7.118520259857178,7.117984294891357
7.18,7.1858,7.17,7.17,7.165548324584961,7.17612886428833,7.160975933074951,7.1680684089660645
7.1755,7.1788,7.1658,7.1762,7.171064376831055,7.173616409301758,7.175976753234863,7.177379608154297
7.1699,7.1882,7.1645,7.175,7.168521404266357,7.169768810272217,7.169859886169434,7.168931484222412
7.1503,7.1699,7.1501,7.1699,7.175510406494141,7.179324150085449,7.170750141143799,7.1706461906433105
7.159,7.1626,7.145,7.15,7.163296222686768,7.16334342956543,7.151886940002441,7.1501545906066895
7.1557,7.162,7.1544,7.1581,7.158745288848877,7.160952568054199,7.15411376953125,7.154901027679443
7.1412,7.1496,7.1407,7.148,7.156606674194336,7.156150817871094,7.154585838317871,7.153653144836426
7.127,7.1445,7.127,7.1435,7.1494269371032715,7.146267890930176,7.142265796661377,7.1394782066345215
7.134,7.1467,7.1266,7.1275,7.13979434967041,7.139010906219482,7.129905700683594,7.128294467926025
7.1389,7.1399,7.1183,7.135,7.141521453857422,7.142223834991455,7.134486675262451,7.134613990783691
7.1165,7.133,7.1165,7.1245,7.141757965087891,7.141495704650879,7.136138439178467,7.135563850402832
7.1532,7.1545,7.1345,7.1369,7.124255657196045,7.121864318847656,7.117936611175537,7.115749359130859
7.142,7.1577,7.141,7.1528,7.145845413208008,7.152759075164795,7.150146961212158,7.152760028839111
7.1428,7.1565,7.1405,7.1488,7.144170761108398,7.143984317779541,7.143153667449951,7.140746593475342
7.1507,7.1539,7.1361,7.1485,7.145291328430176,7.148595809936523,7.143336772918701,7.142721176147461
7.1356,7.1554,7.1356,7.155,7.155639171600342,7.1575446128845215,7.150442123413086,7.149479866027832
7.1394,7.1419,7.1256,7.14,7.148459434509277,7.148013114929199,7.138515949249268,7.136398792266846
7.195,7.211099999999999,7.163,7.1655,7.154987335205078,7.153687477111816,7.141032695770264,7.13920259475708
7.2361,7.2491,7.1911,7.2135,7.194913864135742,7.20377779006958,7.19265604019165,7.196915149688721
7.255,7.2612,7.2413,7.2422,7.2374701499938965,7.242337226867676,7.2328996658325195,7.234411716461182
7.2554,7.2623,7.2333,7.2469,7.2562055587768555,7.256158828735352,7.255803108215332,7.25323486328125
7.2856,7.2955,7.2455,7.2512,7.267765045166016,7.266538143157959,7.260189533233643,7.256469249725342
7.2891,7.298,7.2881,7.2885,7.289685249328613,7.295108318328857,7.287639617919922,7.288097858428955
7.288,7.2937,7.285,7.285,7.290546417236328,7.290402412414551,7.2949724197387695,7.291139602661133
7.2742,7.2874,7.2742,7.284,7.28851842880249,7.287832260131836,7.291338920593262,7.286720275878906
7.2745,7.2828,7.2657,7.2748,7.287418842315674,7.286028861999512,7.281966686248779,7.277259826660156
7.276,7.286,7.2746,7.279,7.285393238067627,7.2842488288879395,7.27858829498291,7.275272369384766
7.284,7.2889,7.2655,7.2689,7.2839531898498535,7.282330513000488,7.279923439025879,7.276525497436523
7.316599999999999,7.3189,7.2599,7.28,7.294037818908691,7.291889190673828,7.286609649658203,7.283407688140869
7.315,7.3194,7.3113,7.3135,7.318231582641602,7.322155952453613,7.313010215759277,7.313347339630127
7.3163,7.3201,7.3162,7.3173,7.3169989585876465,7.314371109008789,7.317978858947754,7.313458442687988
7.315,7.319,7.314,7.3166,7.317742347717285,7.317353248596191,7.317940711975098,7.313380241394043
7.317,7.3187,7.3115,7.3115,7.3246846199035645,7.324662685394287,7.31917142868042,7.315090179443359
7.3102,7.319,7.3102,7.3171,7.321556091308594,7.321784496307373,7.317359924316406,7.314970016479492
7.317,7.3198,7.3136,7.315799999999999,7.3132500648498535,7.3142499923706055,7.310108661651611,7.309352874755859
7.3051,7.3181,7.3051,7.3165,7.318706035614014,7.319418907165527,7.315948009490967,7.3160834312438965
7.3075,7.3132,7.2971,7.309500000000001,7.317574501037598,7.315371990203857,7.307645797729492,7.307187080383301
7.3188,7.3188,7.307,7.3071,7.319382190704346,7.318070888519287,7.308115005493164,7.309160232543945
7.3115,7.3234,7.3068,7.3137,7.3271098136901855,7.3246750831604,7.319486141204834,7.320215702056885
7.3151,7.3186,7.3099,7.3099,7.324681758880615,7.322127819061279,7.3150787353515625,7.315530776977539
7.3105,7.318,7.2983,7.3151,7.323217868804932,7.322552680969238,7.316466808319092,7.318335056304932
7.3105,7.318,7.3088,7.316,7.314142227172852,7.31573486328125,7.308359146118164,7.312392711639404
7.3049,7.3148,7.2988,7.3108,7.303652763366699,7.306889533996582,7.304863452911377,7.310662269592285
7.3019,7.3087,7.2958,7.3043,7.301390171051025,7.303924083709717,7.299546718597412,7.305665493011475
7.2992,7.3059,7.2915,7.305899999999999,7.300987720489502,7.302152156829834,7.297359466552734,7.303210258483887
7.2948,7.3036,7.2899,7.299,7.301333427429199,7.301639080047607,7.295779705047607,7.300930023193359
7.2911,7.2999,7.2753,7.2935,7.304413795471191,7.302881717681885,7.294857025146484,7.298731327056885
7.301,7.3016,7.2828,7.2911,7.3079986572265625,7.306507110595703,7.292784214019775,7.296776294708252
7.301,7.302,7.301,7.301,7.311612606048584,7.310449123382568,7.300980567932129,7.305488586425781
7.301,7.3025,7.301,7.301,7.3085222244262695,7.305332660675049,7.303226470947266,7.30578088760376
7.301,7.302,7.298,7.302,7.306149005889893,7.304147243499756,7.302700519561768,7.304982662200928
7.301,7.302,7.301,7.301,7.302591800689697,7.30111026763916,7.301277160644531,7.3036065101623535
7.301,7.3015,7.301,7.3015,7.296420574188232,7.2938642501831055,7.29927396774292,7.300790786743164
7.301,7.303,7.2995,7.302,7.300017356872559,7.2957329750061035,7.301634788513184,7.30103874206543
7.3105,7.3164,7.294,7.2995,7.3086771965026855,7.302556037902832,7.305814266204834,7.302802085876465
7.2916,7.3137,7.2908,7.313,7.321152210235596,7.3164801597595215,7.316219806671143,7.313162326812744
7.311,7.3125,7.3012,7.3125,7.313027858734131,7.3070831298828125,7.302399635314941,7.298298358917236
7.298,7.3133,7.2949,7.3115,7.316054821014404,7.312873840332031,7.314969062805176,7.3120036125183105
7.2954,7.3066,7.2954,7.298,7.312987327575684,7.306311130523682,7.306939125061035,7.301608085632324
7.2911,7.3108,7.2881,7.3066,7.303913116455078,7.298770427703857,7.302266597747803,7.297857761383057
7.291,7.2995,7.2811,7.289,7.296644687652588,7.294985771179199,7.298223495483398,7.295341491699219
7.288,7.3053,7.288,7.297,7.291437149047852,7.2877278327941895,7.295028209686279,7.291895866394043
7.282,7.2981,7.2744,7.292,7.285445213317871,7.284055709838867,7.2939958572387695,7.2916131019592285
7.275,7.2825,7.246,7.276,7.287892818450928,7.285865306854248,7.289889335632324,7.286912441253662
7.262,7.2839,7.262,7.2769,7.2835001945495605,7.281333923339844,7.278763294219971,7.276699066162109
7.285,7.2908,7.268,7.273,7.268901348114014,7.268074035644531,7.268798828125,7.267421245574951
7.2799,7.2963,7.2799,7.2911,7.289640426635742,7.29080057144165,7.292105674743652,7.290530204772949
7.331500000000001,7.3315,7.266,7.2884,7.291842937469482,7.290146350860596,7.290987968444824,7.287238121032715
7.338,7.3498,7.3287,7.345,7.31538200378418,7.325530529022217,7.324922561645508,7.328688621520996
7.3158,7.3299,7.3158,7.3297,7.323223114013672,7.327446460723877,7.340531349182129,7.34095573425293
7.3194,7.3213,7.3023,7.3184,7.30564546585083,7.3049092292785645,7.313892364501953,7.312868595123291
7.277,7.309,7.277,7.3018,7.315608501434326,7.318767547607422,7.320321559906006,7.322121620178223
7.2623,7.2755,7.2623,7.2755,7.290555953979492,7.288476467132568,7.283170700073242,7.284438610076904
7.2424,7.2695,7.2424,7.2675,7.259798526763916,7.2605791091918945,7.2600626945495605,7.263943195343018
7.2827,7.2913,7.25,7.2595,7.253518104553223,7.255685806274414,7.248040199279785,7.251898765563965
7.2786,7.2937,7.277,7.289,7.27618932723999,7.2839131355285645,7.279829025268555,7.286372661590576
7.2855,7.2955,7.2791,7.2796,7.2760910987854,7.2767815589904785,7.280817031860352,7.281887531280518
7.2681000000000004,7.2953,7.268,7.29,7.27904748916626,7.280949115753174,7.285038948059082,7.285497665405273
7.28,7.2934,7.2781,7.2865,7.283271312713623,7.284618854522705,7.277924060821533,7.277252197265625
7.2757,7.2866,7.2688,7.279,7.280224323272705,7.282080173492432,7.283373832702637,7.2836103439331055
7.2841,7.2942,7.272,7.279,7.280952453613281,7.278700828552246,7.28200101852417,7.280380725860596
7.2672,7.2993,7.2657,7.294,7.290871620178223,7.29020357131958,7.292575836181641,7.2918267250061035
7.2923,7.3157,7.275900000000001,7.2825,7.286802768707275,7.286301612854004,7.280020713806152,7.2794508934021
7.2712,7.2953,7.2643,7.2855,7.300556659698486,7.304988861083984,7.298842430114746,7.301781177520752
7.308,7.3177,7.275,7.2888,7.295825004577637,7.292530059814453,7.28165864944458,7.281195640563965
7.292,7.299,7.2883,7.2981,7.301784038543701,7.309229373931885,7.303954601287842,7.3094401359558105
7.2793,7.2899,7.2657,7.2899,7.29733419418335,7.293104648590088,7.294539451599121,7.293487548828125
7.2531,7.2659,7.237,7.258,7.26974630355835,7.271097660064697,7.271018981933594,7.272947311401367
7.2249,7.2401,7.2213,7.2388,7.2522873878479,7.251953125,7.248009204864502,7.250262260437012
7.2047,7.2201,7.2013,7.2177,7.220718860626221,7.2195963859558105,7.219379425048828,7.221878528594971
7.2123,7.2151,7.1945,7.2114,7.199892520904541,7.200033187866211,7.199872970581055,7.202721118927002
7.2016,7.2225,7.2016,7.2199,7.207230091094971,7.209754467010498,7.208211421966553,7.211118221282959
7.1915,7.1947,7.1828,7.1942,7.202905654907227,7.204870700836182,7.200969219207764,7.2022929191589355
7.155,7.1875,7.154,7.174,7.198241710662842,7.197082996368408,7.1894731521606445,7.188576698303223
7.1888,7.1952,7.1636,7.1716,7.178076267242432,7.178224086761475,7.1603007316589355,7.160190105438232
7.1663,7.1979,7.1652,7.192,7.192427158355713,7.20016622543335,7.188403129577637,7.192630767822266
7.1615,7.1795,7.159,7.177,7.177834987640381,7.179403305053711,7.171134948730469,7.172550678253174
7.1361,7.1535,7.1345,7.1435,7.159858226776123,7.163905143737793,7.1587324142456055,7.162035942077637
7.1638,7.174,7.1438,7.1497,7.152754306793213,7.150886535644531,7.142375469207764,7.142770290374756
7.1348,7.1755,7.1196,7.17,7.1646409034729,7.171993732452393,7.165716648101807,7.1706109046936035
7.1495,7.162,7.1371,7.1371,7.151686191558838,7.156841278076172,7.139026641845703,7.143132209777832
7.1511,7.163,7.131100000000001,7.1387,7.146001815795898,7.153200626373291,7.143916606903076,7.14999532699585
7.1855,7.207499999999999,7.1805,7.186,7.1659393310546875,7.169900894165039,7.156498432159424,7.159808158874512
7.1644,7.1915,7.1616,7.1882,7.185696601867676,7.197432041168213,7.188570022583008,7.194824695587158
7.1862,7.1894,7.1644,7.1777,7.173125267028809,7.176115036010742,7.164534568786621,7.166854381561279
7.191099999999999,7.2279,7.1911,7.224,7.176268100738525,7.185158729553223,7.17851448059082,7.184730529785156
7.1633,7.187599999999999,7.1607,7.1876,7.191614627838135,7.202404499053955,7.194092273712158,7.200288772583008
7.148,7.1777,7.148,7.174,7.173516273498535,7.172761917114258,7.161864280700684,7.1632399559021
7.1356,7.1455,7.119,7.1415,7.158802032470703,7.163734436035156,7.149862289428711,7.154027938842773
7.1661,7.176100000000001,7.1475,7.1485,7.159049987792969,7.157694339752197,7.140904426574707,7.141440391540527
7.191,7.195,7.161,7.165,7.1644392013549805,7.172215938568115,7.165518760681152,7.170652389526367
7.2249,7.2304,7.1942,7.2095,7.188045978546143,7.193192481994629,7.191245079040527,7.194514274597168
7.215,7.2415,7.215,7.225,7.209882736206055,7.218661785125732,7.2210540771484375,7.225595474243164
7.235,7.247299999999999,7.2191,7.225,7.213898181915283,7.215872287750244,7.217796325683594,7.218250751495361
7.249,7.2548,7.231,7.2489,7.236359596252441,7.239353179931641,7.237570285797119,7.238674163818359
7.2101,7.252,7.2101,7.252,7.252438545227051,7.252261638641357,7.252564430236816,7.251482963562012
7.228,7.2438,7.2099,7.217,7.227103233337402,7.224423408508301,7.216568946838379,7.214667320251465
7.232,7.2557,7.2223,7.245,7.2378692626953125,7.238795280456543,7.231375694274902,7.233560562133789
7.2588,7.2699,7.2425,7.251,7.242417812347412,7.241782188415527,7.2381415367126465,7.238752365112305
7.232,7.2568,7.2271,7.248,7.254598140716553,7.2552618980407715,7.258411884307861,7.259336948394775
7.2249,7.2555,7.2213,7.239,7.245765686035156,7.2397661209106445,7.237364292144775,7.234018802642822
7.2276,7.2277,7.205,7.2273,7.235761642456055,7.2366943359375,7.228781223297119,7.229071140289307
7.2011,7.2425,7.2011,7.2425,7.232122421264648,7.230637550354004,7.225942611694336,7.225149631500244
7.1794,7.1794,7.1781999999999995,7.1792,7.202558517456055,7.207146167755127,7.2006144523620605,7.20254373550415
7.1799,7.1799,7.1799,7.1799,7.185966491699219,7.181523323059082,7.177427291870117,7.1764421463012695
7.1866,7.1979,7.174,7.174,7.176797389984131,7.178345680236816,7.178341388702393,7.180211067199707
7.1666,7.1851,7.1658,7.1821,7.182520866394043,7.185736179351807,7.184077262878418,7.18717622756958
7.1379,7.166,7.1342,7.162000000000001,7.168529987335205,7.170037746429443,7.163410663604736,7.165802955627441
7.1321,7.1409,7.1051,7.125,7.146041393280029,7.149222373962402,7.1322174072265625,7.1364970207214355
7.1726,7.18,7.1185,7.1225,7.143113613128662,7.146263599395752,7.123710632324219,7.12962007522583
7.1635,7.1695,7.146,7.151,7.167150974273682,7.17765998840332,7.158207416534424,7.169403553009033
7.1608,7.1673,7.1413,7.1659,7.164041042327881,7.164860248565674,7.154625415802002,7.1598920822143555
7.135,7.1495,7.1285,7.1479,7.149629592895508,7.157577991485596,7.145117282867432,7.152864456176758
7.1192,7.1358,7.111,7.1285,7.13700532913208,7.142117977142334,7.125133037567139,7.1316237449646
7.139,7.142,7.1109,7.112,7.117852687835693,7.124967575073242,7.1068854331970215,7.114984512329102
7.1045,7.14,7.1021,7.1333,7.126344203948975,7.136257171630859,7.12211799621582,7.132356643676758
7.1177,7.1248,7.0992,7.118,7.108613967895508,7.114653587341309,7.096015930175781,7.102505683898926
7.108,7.124,7.093,7.1009,7.1145339012146,7.123899936676025,7.103611946105957,7.111450672149658
7.104,7.104,7.055,7.083,7.1185688972473145,7.1218581199646,7.1011061668396,7.104981422424316
7.1032,7.1243,7.0873,7.099,7.1181535720825195,7.121430397033691,7.095249652862549,7.0986809730529785
7.0925,7.1133,7.0904,7.109,7.107085227966309,7.115395545959473,7.09672212600708,7.102809429168701
7.074,7.0986,7.066,7.0788,7.096558570861816,7.102539539337158,7.086792469024658,7.091062545776367
7.0604,7.0799,7.0604,7.0706,7.084660530090332,7.089466571807861,7.069573879241943,7.073391914367676
7.0788,7.0795,7.0456,7.0625,7.0708136558532715,7.07631778717041,7.057494163513184,7.061667442321777
7.068,7.0802,7.0603,7.0782,7.073436260223389,7.083003997802734,7.065965175628662,7.0732035636901855
7.0675,7.0675,7.0366,7.0605,7.059703826904297,7.067593097686768,7.056079387664795,7.0623040199279785
7.0388,7.057899999999999,7.0388,7.0551,7.057579517364502,7.06647253036499,7.051549911499023,7.058446884155273
7.0203,7.0388,7.016,7.0308,7.038166046142578,7.044688701629639,7.0298848152160645,7.035144805908203
7.0581,7.0588,7.002,7.014,7.021596908569336,7.028805732727051,7.01139497756958,7.016968727111816
6.9991,7.0425,6.9963,7.037,7.042067050933838,7.0580596923828125,7.038751125335693,7.051229953765869
6.986,7.003000000000001,6.9729,6.9944,6.994938373565674,7.000846862792969,6.986168384552002,6.992747783660889
6.9537,6.9798,6.951800000000001,6.9783,6.975477695465088,6.984506130218506,6.970372200012207,6.978816509246826
6.957,6.9654,6.9461,6.952000000000001,6.957946300506592,6.961573600769043,6.947249889373779,6.951022148132324
6.95,6.9599,6.9425,6.9585,6.955861568450928,6.960783958435059,6.949577808380127,6.953095436096191
6.9321,6.9499,6.9305,6.9485,6.946625232696533,6.950782775878906,6.943887233734131,6.945605754852295
6.924,6.935,6.913,6.9288,6.930792331695557,6.934502124786377,6.928375720977783,6.928764343261719
6.9164,6.9291,6.9164,6.92,6.9253950119018555,6.929773807525635,6.921790599822998,6.9218668937683105
6.913,6.9195,6.9095,6.9155,6.917924404144287,6.921871662139893,6.915815830230713,6.915575981140137
6.905,6.9213,6.905,6.908,6.913631439208984,6.917562961578369,6.911573886871338,6.910989284515381
6.903,6.9205,6.892099999999999,6.9067,6.909139156341553,6.91361141204834,6.905508995056152,6.90488338470459
6.9123,6.9123,6.9113,6.9113,6.909633159637451,6.916479587554932,6.903118133544922,6.903524398803711
6.9125,6.9125,6.911,6.9113,6.911675930023193,6.918278694152832,6.909467697143555,6.909982681274414
6.9122,6.9122,6.911,6.911,6.910177707672119,6.9153852462768555,6.909061431884766,6.908452033996582
6.915,6.9285,6.9108,6.9179,6.912009239196777,6.917874813079834,6.9108734130859375,6.909981727600098
6.9319,6.9325,6.9106,6.9203,6.914088726043701,6.923961639404297,6.913320541381836,6.914645195007324
6.928,6.9423,6.9162,6.927,6.922173500061035,6.934694290161133,6.923228740692139,6.9271159172058105
6.89,6.935,6.890000000000001,6.9323,6.915688514709473,6.927796840667725,6.918177604675293,6.922801494598389
6.8881,6.9062,6.8881,6.8947,6.893152236938477,6.903553485870361,6.887348651885986,6.89069128036499
6.8788,6.8961,6.8761,6.893,6.895565032958984,6.904408931732178,6.887451648712158,6.890902996063232
6.89,6.8962,6.87,6.874,6.885119438171387,6.892443656921387,6.876483917236328,6.878856658935547
6.8751,6.901,6.8751,6.8851,6.886576175689697,6.897052764892578,6.882280349731445,6.887538909912109
6.876,6.8805,6.8648,6.8766,6.871603488922119,6.8811187744140625,6.869524002075195,6.874371528625488
6.878,6.8825,6.8664,6.8817,6.871457099914551,6.8801350593566895,6.869048118591309,6.8732099533081055
6.8598,6.8748,6.8318,6.872,6.871891021728516,6.880717754364014,6.870072364807129,6.874064922332764
6.8721,6.8795,6.8675,6.868,6.8616766929626465,6.868279457092285,6.852661609649658,6.85409688949585
6.89,6.8908,6.8702,6.8721,6.870280742645264,6.8801589012146,6.867037296295166,6.871285438537598
6.888,6.8925,6.8822,6.8855,6.883325099945068,6.8916544914245605,6.880379676818848,6.8841166496276855
6.8813,6.8881,6.8718,6.8835,6.886691570281982,6.892078876495361,6.88266134262085,6.883788108825684
6.8792,6.8792,6.865,6.865,6.888248443603516,6.89218282699585,6.879805088043213,6.878684043884277
6.8845,6.8845,6.8701,6.8701,6.890326976776123,6.893080711364746,6.879179000854492,6.876753330230713
6.88,6.879999999999999,6.878,6.878,6.890227317810059,6.8958001136779785,6.882216453552246,6.881434440612793
6.88,6.8865,6.8751,6.8799,6.8812994956970215,6.886406898498535,6.876290321350098,6.875040054321289
6.881000000000001,6.8945,6.8733,6.877,6.8791656494140625,6.887383460998535,6.875176429748535,6.875917911529541
6.852,6.8877,6.8437,6.8745,6.881231307983398,6.89107084274292,6.875576019287109,6.878000736236572
6.8975,6.907,6.8695,6.871,6.863608360290527,6.872459411621094,6.850447654724121,6.85183048248291
6.8773,6.8933,6.8751,6.8866,6.889235973358154,6.909657001495361,6.88470458984375,6.896456241607666
6.8735,6.8883,6.8712,6.8755,6.872202396392822,6.881433963775635,6.865201473236084,6.870355129241943
6.8741,6.8925,6.8675,6.8795,6.872615337371826,6.885727405548096,6.865906238555908,6.8731536865234375
6.8367,6.8844,6.8366,6.867900000000001,6.876152515411377,6.889925956726074,6.866157054901123,6.874284744262695
6.8524,6.8582,6.816,6.8286,6.854126930236816,6.865253448486328,6.835359573364258,6.841421127319336
6.8746,6.8934,6.8575,6.857999999999999,6.864511013031006,6.87952184677124,6.844885349273682,6.855631351470947
6.8799,6.8871,6.8688,6.8788,6.8659491539001465,6.885303497314453,6.85767936706543,6.87403678894043
6.875,6.9033,6.875,6.8785,6.867029666900635,6.883768558502197,6.859158992767334,6.874855995178223
6.8921,6.8968,6.861,6.8883,6.871038436889648,6.889126300811768,6.859122276306152,6.876271724700928
6.891,6.9117,6.8901,6.8998,6.889270782470703,6.908626556396484,6.870931625366211,6.889986515045166
6.882,6.91,6.868,6.9067,6.887518882751465,6.905102729797363,6.870351314544678,6.889692783355713
6.8636,6.8854,6.8537,6.8795,6.8942551612854,6.910303592681885,6.866613388061523,6.884979724884033
6.91,6.9189,6.8345,6.8475,6.902009010314941,6.908904552459717,6.86135196685791,6.874524116516113
6.9667,6.9725,6.9,6.9195,6.947686672210693,6.959028244018555,6.903470516204834,6.921142578125
6.9639,6.9743,6.9555,6.963,6.977536201477051,6.993635654449463,6.9462175369262695,6.9678144454956055
6.9725,6.9775,6.944,6.956500000000001,6.967146396636963,6.980104446411133,6.942508220672607,6.962759494781494
6.9419,6.9726,6.923,6.9726,6.959568023681641,6.980737209320068,6.93974494934082,6.967035293579102
6.908,6.9395,6.9042,6.9335,6.921428203582764,6.944169998168945,6.902583599090576,6.9336256980896
6.8969,6.9144,6.888,6.9035,6.901489734649658,6.920377731323242,6.877351760864258,6.90736198425293
6.8831,6.9205,6.876,6.9193,6.911223888397217,6.921687126159668,6.8783488273620605,6.902090072631836
6.935,6.935,6.86,6.8729,6.917232990264893,6.924694538116455,6.877760887145996,6.89473819732666
6.9515,6.9515,6.9302,6.9335,6.966568470001221,6.976990699768066,6.926090717315674,6.943545818328857
6.958000000000001,6.9739,6.94,6.9433,6.95143461227417,6.961275100708008,6.934254169464111,6.948695182800293
6.9138,6.963,6.9108,6.963,6.936550140380859,6.957460880279541,6.9331440925598145,6.9526519775390625
6.8966,6.9196,6.8795,6.9088,6.899533271789551,6.923191547393799,6.892583847045898,6.912558555603027
6.8792,6.899899999999999,6.8792,6.89,6.8921098709106445,6.9138360023498535,6.879427433013916,6.898452281951904
6.8605,6.887,6.8605,6.887,6.8737640380859375,6.889673233032227,6.863125801086426,6.878593921661377
6.865,6.8729,6.8486,6.8563,6.863240718841553,6.878139019012451,6.849852085113525,6.862083435058594
6.8649,6.885,6.8649,6.8661,6.875248908996582,6.888554573059082,6.857168674468994,6.867447853088379
6.849,6.867,6.8427,6.855,6.869933128356934,6.884816646575928,6.856471061706543,6.8671464920043945
6.824,6.8575,6.8228,6.8515,6.858973979949951,6.872609615325928,6.843656539916992,6.85341215133667
6.815,6.8309,6.8071,6.8309,6.833316326141357,6.849924564361572,6.819815635681152,6.83280086517334
6.831,6.8344,6.819,6.819,6.81605339050293,6.8334479331970215,6.804394245147705,6.82126522064209
6.7885,6.8158,6.7866,6.8158,6.812268257141113,6.833244800567627,6.806718826293945,6.830281734466553
6.7895,6.793,6.772,6.7782,6.78563117980957,6.79838228225708,6.770697593688965,6.790681838989258
6.7787,6.794,6.771,6.794,6.800118923187256,6.814378261566162,6.780317783355713,6.801121711730957
6.7768,6.7928,6.774,6.787,6.7788872718811035,6.793190002441406,6.762815952301025,6.784637451171875
6.807,6.8074,6.7703,6.7988,6.76393985748291,6.786442279815674,6.756434917449951,6.783016204833984
6.7398,6.8002,6.7357,6.8002,6.766721725463867,6.801754951477051,6.767856597900391,6.80368185043335
6.7061,6.736,6.7055,6.7357,6.715865612030029,6.741142272949219,6.711183071136475,6.739768028259277
6.75,6.7525,6.7385,6.7435,6.725055694580078,6.740233421325684,6.711647033691406,6.7265729904174805
6.754,6.7616,6.7481,6.7531,6.762425899505615,6.7815093994140625,6.7524733543396,6.768195152282715
6.7491,6.7825,6.7435,6.749,6.762814521789551,6.772374153137207,6.752886772155762,6.761747360229492
6.785,6.785,6.7825,6.7825,6.771103858947754,6.782745838165283,6.761384010314941,6.768172264099121
6.7845,6.7845,6.7825,6.7825,6.795349597930908,6.81135368347168,6.789161205291748,6.79904842376709
6.7845,6.7845,6.7845,6.7845,6.787728309631348,6.79713249206543,6.780772686004639,6.786141395568848
6.765,6.7955,6.7642,6.7955000000000005,6.790903091430664,6.803811073303223,6.784927845001221,6.790658473968506
6.7656,6.7906,6.7656,6.7793,6.772470951080322,6.78961706161499,6.762544631958008,6.769053936004639
6.779,6.7888,6.7406,6.762,6.7683305740356445,6.792900562286377,6.760124683380127,6.771699905395508
6.735,6.785,6.7322,6.7689,6.763219356536865,6.793134689331055,6.757834434509277,6.774084568023682
6.695,6.7388,6.6905,6.738,6.722481727600098,6.748556137084961,6.720126152038574,6.733129978179932
6.722,6.7377,6.7,6.7,6.709898471832275,6.7265944480896,6.699987411499023,6.702455997467041
6.759,6.7634,6.7256,6.726,6.7456231117248535,6.761497497558594,6.729612827301025,6.733046054840088
6.7831,6.788,6.7622,6.765,6.769244194030762,6.781220436096191,6.751865863800049,6.757686138153076
6.762,6.7904,6.752,6.778,6.79567813873291,6.800148963928223,6.777426719665527,6.781599044799805
6.815,6.815,6.759,6.7705,6.809328079223633,6.798996925354004,6.775765419006348,6.767515182495117
6.877,6.878,6.833,6.834,6.872527599334717,6.869284629821777,6.829810619354248,6.827345848083496
6.8841,6.889,6.8676,6.8784,6.896965980529785,6.90245246887207,6.86665678024292,6.87420129776001
6.903,6.9069,6.877,6.887,6.892505645751953,6.893280029296875,6.871551513671875,6.876195907592773
6.9127,6.9232,6.8755,6.9069,6.9193291664123535,6.921168327331543,6.897794723510742,6.903313159942627
6.8985,6.8985,6.8985,6.8985,6.935816764831543,6.937060356140137,6.90880012512207,6.912851333618164
6.9588,6.961,6.8923,6.8972,6.930078029632568,6.9239277839660645,6.903473377227783,6.901469707489014
6.98,6.98,6.9606,6.9625,6.968163013458252,6.977895259857178,6.94999885559082,6.960960865020752
6.9602,6.9774,6.9602,6.9774,6.970668315887451,6.976797580718994,6.965530872344971,6.973867893218994
6.962,6.9675,6.9481,6.96,6.9671759605407715,6.967576503753662,6.957781791687012,6.95981502532959
6.9896,6.9897,6.961,6.961000000000001,6.981585502624512,6.982532978057861,6.964109420776367,6.965245723724365
6.9968,6.9975,6.980699999999999,6.988,6.9959869384765625,7.001883506774902,6.982535362243652,6.98746395111084
6.9705,6.984,6.9705,6.9834,6.991117477416992,6.997413635253906,6.984233379364014,6.988593101501465
6.9646,6.9833,6.9638,6.9815,6.973729610443115,6.978328704833984,6.963791847229004,6.965686798095703
6.979,6.988,6.959,6.9605,6.968348979949951,6.978816509246826,6.9579997062683105,6.963845729827881
6.983,6.9844,6.9693,6.9777,6.974762916564941,6.986556529998779,6.964621543884277,6.973522663116455
6.9809,6.9845,6.9618,6.9713,6.974449157714844,6.985545635223389,6.966715335845947,6.975274085998535
6.9466,6.978,6.9466,6.9721,6.975964069366455,6.9875640869140625,6.966185092926025,6.974948883056641
6.9515,6.963,6.9393,6.9503,6.959021091461182,6.970808506011963,6.9428558349609375,6.951170444488525
6.9863,6.9885,6.9435,6.9435,6.965470790863037,6.981014251708984,6.947762966156006,6.9596357345581055
6.981,6.9882,6.9564,6.9778,6.983284950256348,7.002015113830566,6.969959735870361,6.985570430755615
6.95,6.9625,6.9425,6.9564,6.980023384094238,6.997461318969727,6.96701717376709,6.980600357055664
6.9715,6.9821,6.9642,6.9654,6.972445964813232,6.987901210784912,6.951392650604248,6.9638285636901855
6.9893,6.9945,6.9707,6.9707,6.979384422302246,7.003705024719238,6.964756965637207,6.9839019775390625
6.9592,6.9999,6.9553,6.9935,6.990847587585449,7.014887809753418,6.973191261291504,6.993993759155273
6.974,6.9848,6.9443,6.961000000000001,6.992395877838135,7.0144124031066895,6.95934534072876,6.978681564331055
7.049,7.0645,7.0188,7.0195,7.041962146759033,7.057092666625977,6.990067958831787,7.005700588226318
7.0425,7.0884,7.042,7.0429,7.097628593444824,7.115857124328613,7.053454875946045,7.066849231719971
7.1551,7.1555,7.0666,7.0879,7.1403608322143555,7.145392894744873,7.074501991271973,7.078442096710205
7.2079,7.2079,7.1534,7.1573,7.208089828491211,7.2280378341674805,7.159741401672363,7.171452522277832
7.2275,7.2387,7.189,7.2079,7.204993724822998,7.219871997833252,7.183488845825195,7.200062274932861
7.1628,7.18,7.1472,7.1642,7.182077884674072,7.20635461807251,7.179811954498291,7.204184532165527
7.1478,7.1528,7.1328,7.15,7.169133186340332,7.175691604614258,7.1380510330200195,7.155274391174316
7.1407,7.17,7.1392,7.1585,7.153172492980957,7.160651206970215,7.127173900604248,7.143341541290283
7.1571,7.1655,7.1306,7.1388,7.161808013916016,7.169155597686768,7.133573055267334,7.146672248840332
7.1501,7.1691,7.1499,7.164,7.176429271697998,7.183944225311279,7.149912357330322,7.162943363189697
7.139199999999999,7.1553,7.1088,7.1197,7.131993770599365,7.1475324630737305,7.1306352615356445,7.150886058807373
7.092,7.1628,7.092,7.1551,7.106379508972168,7.13105583190918,7.106508731842041,7.137892723083496
7.0549,7.0871,7.0549,7.0854,7.065981864929199,7.100836753845215,7.058956146240234,7.099959850311279
7.0447,7.061,7.0241,7.0445,7.055440425872803,7.072452545166016,7.023974895477295,7.057728290557861
7.0808,7.0818,7.0245,7.072,7.0862812995910645,7.0920729637146,7.036242485046387,7.056752681732178
7.185,7.1886,7.0882,7.1066,7.164102554321289,7.166299343109131,7.098745822906494,7.1063947677612305
7.2517,7.2727,7.181000000000001,7.184,7.218409061431885,7.232780456542969,7.184577465057373,7.196247577667236
7.233,7.2557,7.233,7.2401,7.246570110321045,7.266831874847412,7.238795757293701,7.256187438964844
7.2225,7.263,7.219,7.2485,7.224013328552246,7.236135005950928,7.214290618896484,7.231663703918457
7.2152,7.25,7.204,7.2266,7.210721969604492,7.2332377433776855,7.1977105140686035,7.219029903411865
7.31,7.31,7.176,7.1831,7.268218040466309,7.278437614440918,7.223540782928467,7.2348408699035645
7.2875,7.3213,7.2875,7.3005,7.296886920928955,7.3164896965026855,7.282040596008301,7.304492473602295
7.2777,7.289,7.2648,7.289,7.274219512939453,7.28185510635376,7.276674270629883,7.29319953918457
7.3212,7.3275,7.253,7.273,7.28458309173584,7.292905330657959,7.2658514976501465,7.279261589050293
7.2625,7.303,7.2504,7.3015,7.312474727630615,7.329028129577637,7.301342487335205,7.3212809562683105
7.2338,7.2607,7.2173,7.2499,7.245875835418701,7.251443386077881,7.234513759613037,7.2535295486450195
7.1626,7.237,7.1624,7.2244,7.216196060180664,7.225989818572998,7.203537940979004,7.219700336456299
7.2875,7.2994,7.1644,7.171000000000001,7.247507572174072,7.254077434539795,7.183213710784912,7.189957618713379
7.2946,7.3095,7.2601,7.2693,7.268082141876221,7.292691707611084,7.257835388183594,7.279657363891602
7.2515,7.2634,7.2504,7.2629,7.271836757659912,7.275639057159424,7.275548458099365,7.287779331207275
7.2353,7.2499,7.22,7.2244,7.240062713623047,7.240907669067383,7.228444576263428,7.236416339874268
7.229,7.2438,7.2114,7.2134,7.242324352264404,7.249200820922852,7.224859237670898,7.233248710632324
7.2014,7.2302,7.198,7.2285,7.212008953094482,7.217465400695801,7.213008880615234,7.222526550292969
7.1906,7.2006,7.1879,7.2006,7.177226543426514,7.189836025238037,7.186202526092529,7.195666790008545
7.1806,7.2056,7.179,7.1951,7.200964450836182,7.212874889373779,7.196025848388672,7.1986517906188965
7.1771,7.2,7.1596,7.1925,7.185583591461182,7.201551914215088,7.1833109855651855,7.188319683074951
7.165,7.2229,7.165,7.1705,7.174025058746338,7.196153163909912,7.173624038696289,7.182327747344971
7.1712,7.1909,7.1561,7.1725,7.177761077880859,7.20097541809082,7.171118259429932,7.183051109313965
7.1447,7.194800000000001,7.142,7.167,7.168765068054199,7.184661388397217,7.166793346405029,7.179653644561768
7.11,7.156200000000001,7.108,7.1554,7.119505882263184,7.134825706481934,7.128278732299805,7.145198345184326
7.114,7.113999999999999,7.114,7.114,7.1120076179504395,7.124253749847412,7.107263565063477,7.120952129364014
7.1159,7.1159,7.114,7.114,7.101476192474365,7.101930618286133,7.109826564788818,7.115727424621582
7.116,7.116,7.114,7.114,7.098242282867432,7.099475383758545,7.116781711578369,7.117132186889648
7.114,7.1167,7.114,7.114,7.127835750579834,7.1313347816467285,7.133541107177734,7.1280517578125
7.114,7.113999999999999,7.114,7.114,7.122972011566162,7.13060998916626,7.1269636154174805,7.120728492736816
7.1045,7.1344,7.0823,7.114,7.1233086585998535,7.13692569732666,7.127094268798828,7.12037467956543
7.1545,7.211,7.1201,7.1201,7.145700931549072,7.16970682144165,7.127779006958008,7.125396728515625
7.183,7.2507,7.183,7.1995,7.171850681304932,7.214700222015381,7.165186405181885,7.1786627769470215
7.1543,7.1784,7.1472,7.1765,7.172610282897949,7.214578151702881,7.17671537399292,7.197056293487549
7.14,7.1684,7.1316,7.1339,7.12379789352417,7.145384788513184,7.119346618652344,7.135032653808594
7.089,7.1298,7.089,7.1271,7.1018195152282715,7.125134468078613,7.1046037673950195,7.122756481170654
7.0878,7.095,7.0597,7.0693,7.089439868927002,7.100224018096924,7.072808265686035,7.083664894104004
7.0353,7.054,7.0323,7.0496,7.046020984649658,7.056147575378418,7.0501227378845215,7.061221122741699
7.0115,7.0213,7.0046,7.0183,7.0161824226379395,7.019305229187012,7.0171427726745605,7.021407127380371
6.9994,7.020499999999999,6.9994,7.0054,7.002139091491699,7.007529258728027,7.000110149383545,7.003218650817871
7.0044,7.0254,6.9804,6.9804,6.989602088928223,7.000003337860107,6.989834308624268,6.99545431137085
6.9661,6.9966,6.9609,6.9936,6.988089561462402,7.002955436706543,6.989277362823486,6.999151229858398
6.9688,6.9731,6.957,6.9617,6.955996990203857,6.966334342956543,6.951384544372559,6.960089683532715
6.9174,6.9326,6.9174,6.925,6.953588008880615,6.963155746459961,6.953028678894043,6.960998058319092
6.9467,6.9513,6.9172,6.9256,6.936095237731934,6.929347038269043,6.918483257293701,6.91542911529541
6.9562,6.9691,6.9482,6.9575,6.955592632293701,6.963648796081543,6.947331428527832,6.9499382972717285
6.9625,6.9803,6.9625,6.9662,6.962693691253662,6.9678215980529785,6.95769739151001,6.958961486816406
6.9352,6.9653,6.9301,6.9537,6.954762935638428,6.962608814239502,6.957657337188721,6.960821151733398
6.9185,6.9435,6.9185,6.934,6.9427571296691895,6.947729587554932,6.936270236968994,6.937621116638184
6.9062,6.9092,6.8996,6.9003,6.928063869476318,6.933765411376953,6.920591354370117,6.922278881072998
6.9060999999999995,6.9082,6.8933,6.907,6.912886142730713,6.9149370193481445,6.906042098999023,6.905369758605957
6.9115,6.9155,6.887,6.8887,6.899921894073486,6.9097514152526855,6.900797367095947,6.903731822967529
6.907,6.9214,6.8982,6.9106,6.894904136657715,6.909126281738281,6.899410247802734,6.905612945556641
6.8977,6.9223,6.8976999999999995,6.908,6.8805952072143555,6.89940071105957,6.890725135803223,6.9005866050720215
6.847400000000001,6.8728,6.8474,6.8717,6.871510982513428,6.89028787612915,6.881191730499268,6.892088890075684
6.8479,6.8572,6.8425,6.8482,6.847227096557617,6.852940559387207,6.840499401092529,6.842855453491211
6.8444,6.8694,6.8425,6.8595,6.848653316497803,6.859766483306885,6.844886302947998,6.849308490753174
6.8435,6.866,6.8296,6.8341,6.840085983276367,6.854010581970215,6.838446617126465,6.844555377960205
6.826,6.8507,6.8212,6.8486,6.831628799438477,6.8465189933776855,6.832013130187988,6.840155124664307
6.801,6.8187,6.801,6.8169,6.8134613037109375,6.828351020812988,6.814707279205322,6.823146820068359
6.7767,6.7965,6.7767,6.7861,6.79373025894165,6.803000450134277,6.792041301727295,6.79675817489624
6.7825,6.7867,6.7688,6.7809,6.778614521026611,6.786128520965576,6.77360725402832,6.776107311248779
6.789,6.7973,6.7826,6.788,6.775659084320068,6.788477897644043,6.773646831512451,6.779440879821777
6.7502,6.775000000000001,6.7492,6.7735,6.766825199127197,6.7830681800842285,6.771684646606445,6.7815165519714355
6.7439,6.7469,6.7326,6.743,6.738451957702637,6.747028350830078,6.737641334533691,6.742450714111328
6.7318,6.745,6.7318,6.7447,6.74242639541626,6.750800609588623,6.7380051612854,6.741721153259277
6.7532,6.7604,6.723,6.7237,6.734718322753906,6.740780830383301,6.727788925170898,6.730083465576172
6.7562,6.7586,6.7509,6.7526,6.7509846687316895,6.761921405792236,6.744319438934326,6.750751972198486
6.7599,6.7652,6.751,6.751,6.748214244842529,6.755807399749756,6.745202541351318,6.750829696655273
6.7426,6.7625,6.7416,6.7612,6.755038261413574,6.760633945465088,6.75175666809082,6.756231784820557
6.7515,6.7591,6.7464,6.7493,6.752925395965576,6.7543134689331055,6.742786884307861,6.743500709533691
6.76,6.76,6.745199999999999,6.7573,6.764954090118408,6.767608165740967,6.752793312072754,6.754066467285156
6.774,6.7825,6.7468,6.7526,6.7669878005981445,6.770437717437744,6.755321979522705,6.757343769073486
6.747000000000001,6.7744,6.7438,6.7688,6.771527290344238,6.7803802490234375,6.763420581817627,6.769784927368164
6.7442,6.7519,6.7279,6.7442,6.750030517578125,6.755743026733398,6.740694999694824,6.744694709777832
6.742,6.751500000000001,6.7357,6.747,6.74954080581665,6.756189346313477,6.738534927368164,6.74265718460083
6.764,6.7689,6.7506,6.7585,6.745371341705322,6.753247261047363,6.73567533493042,6.740715980529785
6.745300000000001,6.765399999999999,6.7453,6.7638,6.753809452056885,6.76849365234375,6.749850273132324,6.760371208190918
6.7551,6.7579,6.7436,6.7509,6.738771438598633,6.748895168304443,6.733124732971191,6.74062442779541
6.7641,6.7713,6.7455,6.7514,6.748513698577881,6.761510372161865,6.743261814117432,6.752762317657471
6.7621,6.771,6.7545,6.7667,6.754374980926514,6.768178462982178,6.7490105628967285,6.759495735168457
6.7385,6.7553,6.7385,6.7545,6.750476837158203,6.76401424407959,6.747008323669434,6.757065773010254
6.748,6.7539,6.7392,6.7445,6.736670970916748,6.745256423950195,6.729467391967773,6.735143184661865
6.7474,6.7549,6.732,6.7422,6.745608806610107,6.758080005645752,6.7385573387146,6.746981620788574
6.7517,6.7684,6.74,6.757,6.74074125289917,6.752284049987793,6.733144760131836,6.7411789894104
6.7281,6.7686,6.7225,6.7547,6.738466262817383,6.7550249099731445,6.7347731590271,6.746708393096924
6.7265,6.7382,6.7161,6.7187,6.722733497619629,6.736515998840332,6.714702606201172,6.724715709686279
6.7363,6.7375,6.7179,6.7248,6.728117942810059,6.739531993865967,6.716324806213379,6.7255120277404785
6.6962,6.7195,6.6962,6.718,6.730722427368164,6.743231773376465,6.720947265625,6.731400966644287
6.6948,6.7077,6.69,6.695,6.701717853546143,6.707266807556152,6.68903112411499,6.692888259887695
6.7119,6.7135,6.6951,6.702,6.703886032104492,6.713885307312012,6.69114875793457,6.69810676574707
6.7153,6.7163,6.6986,6.7075,6.708494663238525,6.721201419830322,6.698115348815918,6.708800315856934
6.6965,6.7231,6.6845,6.7197,6.704314708709717,6.71668004989624,6.696887493133545,6.708305358886719
6.6978,6.7008,6.6852,6.7,6.692014694213867,6.7044782638549805,6.6828789710998535,6.693512439727783
6.6944,6.716,6.693,6.7015,6.697550296783447,6.708694934844971,6.685646057128906,6.696107864379883
6.7045,6.7047,6.6895,6.6986,6.6958909034729,6.706753730773926,6.684248447418213,6.694957733154297
6.706,6.709299999999999,6.6861,6.7002,6.704623699188232,6.715128421783447,6.691792011260986,6.702669143676758
6.7005,6.7125,6.6749,6.7075,6.703712463378906,6.7141571044921875,6.691551685333252,6.702215194702148
6.6852,6.6937,6.6836,6.6899,6.698118686676025,6.710574626922607,6.685742378234863,6.69711971282959
6.6946,6.6995,6.6826,6.6883,6.6873602867126465,6.696883678436279,6.674964904785156,6.6847944259643555
6.7045,6.7145,6.695299999999999,6.6985,6.690149784088135,6.70399284362793,6.679528713226318,6.6934733390808105
6.7031,6.7265,6.6955,6.6988,6.691401481628418,6.7079010009765625,6.683234214782715,6.700835704803467
6.6814,6.7038,6.6738,6.6895,6.6909918785095215,6.708256244659424,6.680930137634277,6.7009992599487305
6.708,6.7109,6.6705,6.6925,6.683460235595703,6.695491790771484,6.6649041175842285,6.682877063751221
6.692,6.7177,6.6914,6.7166,6.703056335449219,6.722258567810059,6.682165622711182,6.707634449005127
6.6932,6.7185,6.6918,6.7035,6.694393157958984,6.707447528839111,6.669830322265625,6.6937785148620605
6.7306,6.7306,6.7014,6.7141,6.714642524719238,6.725974082946777,6.6807942390441895,6.705434799194336
6.7586,6.7609,6.7132,6.741,6.7464141845703125,6.759029865264893,6.711874485015869,6.739208221435547
6.7368,6.7591,6.7264,6.7546,6.747038841247559,6.765756130218506,6.724154472351074,6.755906105041504
6.6909,6.7172,6.6786,6.7088,6.712348461151123,6.732231140136719,6.700141906738281,6.731148719787598
6.6943,6.7008,6.661499999999999,6.692,6.683690071105957,6.697909355163574,6.666208744049072,6.689743995666504
6.6665,6.6957,6.6627,6.6837,6.686970233917236,6.708451747894287,6.67014741897583,6.694803714752197
6.6689,6.6789,6.6611,6.668,6.657991886138916,6.676116466522217,6.644104480743408,6.663238525390625
6.6409,6.6567,6.6378,6.6539,6.659204006195068,6.680428981781006,6.647823810577393,6.667571544647217
6.6603,6.6603,6.6603,6.6603,6.642510414123535,6.654472351074219,6.625949382781982,6.637005805969238
6.6895,6.7058,6.6595,6.6601,6.662323474884033,6.679739475250244,6.645627975463867,6.662590980529785
6.6673,6.6993,6.6631,6.6864,6.68264627456665,6.701905250549316,6.662591934204102,6.684446334838867
6.6695,6.675,6.65,6.672,6.677654266357422,6.68959903717041,6.652845859527588,6.667487144470215
6.7023,6.7023,6.6447,6.6606,6.691155910491943,6.702401638031006,6.6610846519470215,6.674311637878418
6.7492,6.7511,6.691,6.6985,6.705026626586914,6.725536823272705,6.678449630737305,6.699275493621826
6.6916,6.7484,6.6916,6.7389,6.711195468902588,6.746750831604004,6.701122283935547,6.735467433929443
6.6616,6.6978,6.6571,6.6921,6.664051055908203,6.689634323120117,6.655322551727295,6.680145263671875
6.6613,6.6796,6.6474,6.6537,6.677920341491699,6.695398807525635,6.651859283447266,6.6695475578308105
6.6758,6.6916,6.643,6.6495,6.701215744018555,6.7099175453186035,6.660642147064209,6.672743320465088
6.7222,6.7314,6.6652,6.693,6.719213008880615,6.726872444152832,6.674638748168945,6.686368942260742
6.7612,6.7685,6.7086,6.7124,6.744215488433838,6.760675430297852,6.705657482147217,6.72582483291626
6.7391,6.7575,6.736,6.7545,6.767066955566406,6.784003734588623,6.735056400299072,6.758538722991943
6.7757,6.7885,6.7207,6.7342,6.7582550048828125,6.766269683837891,6.728054046630859,6.742090702056885
6.7751,6.8025,6.7719,6.7861,6.789206504821777,6.808138370513916,6.758738040924072,6.781138896942139
6.7913,6.811200000000001,6.7765,6.789,6.777856826782227,6.79775333404541,6.756749629974365,6.778051853179932
6.7325,6.796,6.7272,6.7865,6.770588397979736,6.7976202964782715,6.759189605712891,6.7856011390686035
6.733,6.7371,6.7125,6.7211,6.727819919586182,6.749418258666992,6.710656642913818,6.730040550231934
6.7285,6.7402,6.6915,6.734800000000001,6.7213029861450195,6.7488508224487305,6.7055344581604,6.73031759262085
6.698499999999999,6.7306,6.6923,6.73,6.693448543548584,6.7276201248168945,6.685850143432617,6.7147040367126465
6.6578,6.6933,6.6578,6.6656,6.652458667755127,6.689140796661377,6.653118133544922,6.683839797973633
6.5915,6.6557,6.5908,6.6557,6.629702568054199,6.660381317138672,6.623621940612793,6.652243137359619
6.6085,6.6085,6.6085,6.6085,6.596469402313232,6.621501922607422,6.578471660614014,6.600409507751465
6.6166,6.6504,6.5832,6.6085,6.606873512268066,6.637796878814697,6.587619781494141,6.6186113357543945
6.5582,6.6307,6.5582,6.6248,6.595200538635254,6.6302103996276855,6.579676151275635,6.615885257720947
6.5599,6.5635,6.5468,6.56,6.549983978271484,6.580680847167969,6.535027980804443,6.56545352935791
6.5555,6.5613,6.5263,6.5557,6.5515241622924805,6.583306312561035,6.533379554748535,6.5672607421875
6.514,6.5773,6.5132,6.5593,6.522806167602539,6.559422492980957,6.5126633644104,6.549378395080566
6.449,6.5055,6.4487,6.5015,6.4692158699035645,6.514801979064941,6.4684929847717285,6.510019779205322
6.4155,6.452,6.4088,6.4505,6.421954154968262,6.456662178039551,6.413431167602539,6.447829723358154
6.4095,6.4193,6.3945,6.4192,6.397952556610107,6.42633581161499,6.385438919067383,6.414749622344971
6.369,6.3965,6.368,6.3935,6.389208793640137,6.412535667419434,6.376593589782715,6.4036478996276855
6.3744,6.375,6.3609,6.3628,6.366766929626465,6.374582767486572,6.352194786071777,6.36792516708374
6.3763,6.3763,6.366,6.3709999999999996,6.380337238311768,6.383970260620117,6.365570545196533,6.375795841217041
6.3659,6.3805,6.3622,6.3784,6.383981227874756,6.385499000549316,6.371374130249023,6.378242015838623
6.3685,6.3707,6.3618,6.3683,6.376983642578125,6.377237796783447,6.3667473793029785,6.370243072509766
6.373,6.3742,6.3621,6.365600000000001,6.376564025878906,6.37753438949585,6.368168830871582,6.370553016662598
6.3645,6.3751,6.3643,6.366499999999999,6.375492572784424,6.379234313964844,6.368658542633057,6.372585296630859
6.3617,6.3671,6.3545,6.3615,6.3669962882995605,6.370622158050537,6.360593795776367,6.364761829376221
6.3615,6.364299999999999,6.355,6.3569,6.363005638122559,6.366913318634033,6.355404853820801,6.359889030456543
6.3722,6.3762,6.354,6.3599,6.361610412597656,6.36629581451416,6.352987766265869,6.358665466308594
6.3632,6.3632,6.3628,6.3632,6.366969585418701,6.375584125518799,6.357809543609619,6.36742639541626
6.3631,6.3631,6.3628,6.363,6.361114501953125,6.365255832672119,6.351600646972656,6.35894775390625
6.3415,6.3648,6.3415,6.3631,6.364081859588623,6.366437911987305,6.353842735290527,6.3601155281066895
6.348,6.3538,6.3354,6.3398,6.356791973114014,6.3555192947387695,6.341967582702637,6.344721794128418
6.3625,6.3633,6.3458,6.3476,6.360487461090088,6.360869407653809,6.3449907302856445,6.348226547241211
6.3693,6.3734,6.3593,6.3607,6.367800235748291,6.3722710609436035,6.355483531951904,6.361590385437012
6.379,6.381,6.3643,6.3721,6.369246959686279,6.375061511993408,6.361445426940918,6.368654727935791
6.3645,6.3664,6.3572,6.3662,6.372638702392578,6.3802266120910645,6.368261337280273,6.376801013946533
6.3745,6.3776,6.3642,6.3677,6.362987041473389,6.366425037384033,6.358773231506348,6.363951206207275
6.365000000000001,6.3763,6.364,6.3724,6.369246006011963,6.3766188621521,6.365999221801758,6.373931407928467
6.3605,6.367,6.3557,6.3664,6.366097927093506,6.37177848815918,6.360596179962158,6.368257522583008
6.3572,6.3663,6.3492,6.355700000000001,6.361573219299316,6.36663293838501,6.35418176651001,6.362199306488037
6.3483,6.3669,6.3463,6.3614,6.359368324279785,6.364718437194824,6.350301742553711,6.359363079071045
6.347,6.3527,6.3408,6.347,6.354257583618164,6.3594770431518555,6.343367099761963,6.353096961975098
6.369,6.369,6.3412,6.3515,6.350614070892334,6.355421543121338,6.338976860046387,6.349422931671143
6.3751999999999995,6.3859,6.3651,6.3705,6.358978748321533,6.3712286949157715,6.34965181350708,6.36600923538208
6.3487,6.3656,6.3442,6.3612,6.359350204467773,6.375057697296143,6.353464603424072,6.373443126678467
6.3236,6.3403,6.3178,6.3394,6.340146064758301,6.349414825439453,6.3328728675842285,6.348459243774414
6.3168,6.3244,6.3147,6.3217,6.324343204498291,6.328792572021484,6.314404487609863,6.325023174285889
6.3166,6.3255,6.3107,6.3177,6.3215718269348145,6.325274467468262,6.3101277351379395,6.319283962249756
6.3162,6.3197,6.3092,6.3187,6.320861339569092,6.32651948928833,6.309077262878418,6.319312572479248
6.3262,6.3262,6.3144,6.3199,6.316287040710449,6.323004245758057,6.305934906005859,6.316944599151611
6.3175,6.3218,6.3122,6.3199,6.318162441253662,6.327859878540039,6.3103227615356445,6.3240790367126465
6.3187,6.3208,6.3129,6.32,6.31299352645874,6.319644451141357,6.305325031280518,6.317194938659668
6.3135,6.3225,6.3086,6.3215,6.3150858879089355,6.320784091949463,6.3071980476379395,6.318415641784668
6.307,6.3146,6.307,6.3122,6.315347671508789,6.3196940422058105,6.3057990074157715,6.3157758712768555
6.3194,6.3194,6.3034,6.3089,6.313918113708496,6.315714359283447,6.302860736846924,6.310675144195557
6.3227,6.3248,6.3118,6.3174,6.322177410125732,6.32631778717041,6.310934543609619,6.320065975189209
6.321599999999999,6.3309,6.31,6.3288,6.326014995574951,6.330338478088379,6.3154449462890625,6.324353218078613
6.3266,6.331,6.3104,6.315,6.325758457183838,6.330101490020752,6.3153252601623535,6.323643207550049
6.3375,6.3448,6.3235,6.3235,6.328821182250977,6.333420276641846,6.318788051605225,6.3270649909973145
6.3275,6.3366,6.3221,6.3352,6.33811092376709,6.344589710235596,6.3289337158203125,6.338666915893555
6.3362,6.3363,6.3253,6.3256,6.335552215576172,6.337615489959717,6.3246235847473145,6.331094264984131
6.3332,6.3393,6.33,6.3384,6.340736389160156,6.343131065368652,6.33035945892334,6.336989879608154
6.3394,6.3415,6.3342,6.3372,6.343513488769531,6.344326019287109,6.3321213722229,6.337644100189209
6.3575,6.3575,6.3381,6.3393,6.348299980163574,6.349527835845947,6.337052822113037,6.3431549072265625
6.3547,6.3631,6.3546,6.3574,6.359237194061279,6.364706993103027,6.349523067474365,6.3589558601379395
6.3614,6.3657,6.3545,6.3546,6.358487129211426,6.3630051612854,6.350271701812744,6.35939884185791
6.3615,6.3631,6.3539,6.3541,6.360268592834473,6.366016864776611,6.353475570678711,6.363602161407471
6.3651,6.3657,6.3599,6.3627,6.359870910644531,6.365262031555176,6.353518962860107,6.36331844329834
6.3565,6.371,6.3565,6.3666,6.360891819000244,6.367585182189941,6.355662822723389,6.366166114807129
6.3577,6.3625,6.3551,6.3623,6.355996608734131,6.362365245819092,6.349925994873047,6.360108375549316
6.3666,6.3666,6.3544,6.3614,6.35589599609375,6.362359046936035,6.348984241485596,6.359454154968262
6.321,6.3688,6.321,6.3682,6.359844207763672,6.368743896484375,6.353375434875488,6.365845203399658
6.3261,6.3261,6.3205,6.3209,6.334006309509277,6.337454319000244,6.322556495666504,6.329787254333496
6.3285,6.3315,6.3244,6.3261,6.3330535888671875,6.335483074188232,6.320972442626953,6.327456474304199
6.3358,6.3358,6.3243,6.3308,6.335693359375,6.339047908782959,6.324271202087402,6.331490516662598
6.3449,6.3449,6.3368,6.3387,6.337794780731201,6.34286642074585,6.3277587890625,6.3365936279296875
6.3442,6.3464,6.3407,6.3411,6.342437267303467,6.348909378051758,6.33443021774292,6.345087051391602
6.3533,6.3556,6.3436,6.3451,6.343832969665527,6.348221778869629,6.336015701293945,6.345773220062256
6.347,6.3542,6.3381,6.352999999999999,6.352455139160156,6.357466697692871,6.3441691398620605,6.354622840881348
6.3586,6.3586,6.3437,6.3484,6.352471351623535,6.35504674911499,6.341987609863281,6.350218296051025
6.36,6.3615,6.3405,6.3527,6.3608903884887695,6.365116596221924,6.35040807723999,6.35943603515625
6.3584,6.3638,6.3568,6.3598,6.363231182098389,6.367429256439209,6.352413654327393,6.360615253448486
6.374,6.374,6.3584,6.3584000000000005,6.3631768226623535,6.366772174835205,6.353616714477539,6.360867023468018
6.3762,6.3762,6.370499999999999,6.374,6.373160362243652,6.379746913909912,6.364354610443115,6.373805999755859
6.3744,6.3762,6.3715,6.3762,6.375553607940674,6.3815226554870605,6.367606163024902,6.376798152923584
6.3786000000000005,6.3815,6.3723,6.3778,6.374413967132568,6.379127502441406,6.366726875305176,6.37495756149292
6.3645,6.3848,6.3645,6.383,6.378371715545654,6.38393497467041,6.370373249053955,6.379288673400879
6.3724,6.3729,6.3639,6.3639,6.372457504272461,6.376204967498779,6.361999988555908,6.369457721710205
6.3728,6.3777,6.371,6.3726,6.375668048858643,6.380196571350098,6.365121841430664,6.373503684997559
6.3756,6.3776,6.345,6.3561,6.376238822937012,6.381035327911377,6.366849422454834,6.375537872314453
6.3712,6.3772,6.3685,6.3731,6.373899459838867,6.380402565002441,6.364558219909668,6.373757839202881
6.3705,6.3724,6.3681,6.3683,6.369091033935547,6.3760576248168945,6.362736701965332,6.37191104888916
6.3717,6.3725,6.3674,6.3686,6.367286205291748,6.373368740081787,6.361497402191162,6.370502948760986
6.3696,6.3731,6.3693,6.3709999999999996,6.368703365325928,6.374398231506348,6.362338066101074,6.371716022491455
6.3704,6.3705,6.3676,6.3677,6.369383811950684,6.373889446258545,6.3619608879089355,6.371110916137695
6.3709,6.3715,6.3693,6.3702,6.371406555175781,6.374925136566162,6.362889289855957,6.371768474578857
6.3707,6.3736,6.3694,6.3698,6.373531341552734,6.376497268676758,6.36446475982666,6.373035430908203
6.374,6.375,6.3693,6.3721,6.374753952026367,6.377482891082764,6.365330696105957,6.373586177825928
6.3819,6.3819,6.3753,6.3758,6.3767619132995605,6.380401134490967,6.36751127243042,6.376110553741455
6.3693,6.3827,6.3678,6.3754,6.380833625793457,6.386632919311523,6.372842788696289,6.3828301429748535
6.3665,6.3694,6.3652,6.3682,6.373100280761719,6.377264499664307,6.364419937133789,6.372591495513916
6.3674,6.3681,6.3635,6.3676,6.369576454162598,6.373248100280762,6.360619068145752,6.367950439453125
6.3678,6.3692,6.3616,6.3673,6.369685173034668,6.373923301696777,6.36057186126709,6.3681230545043945
6.363699999999999,6.367,6.3592,6.367,6.369255065917969,6.373987674713135,6.360075950622559,6.368007183074951
6.3835,6.3835,6.3616,6.37,6.366418361663818,6.370438575744629,6.356886386871338,6.3642754554748535
6.3465,6.3785,6.343,6.3776,6.377756118774414,6.3867926597595215,6.369091987609863,6.380611896514893
6.3633,6.3633,6.3443,6.3443,6.358389377593994,6.3608717918396,6.345826625823975,6.351864814758301
6.3734,6.3735,6.3656,6.3663,6.36582612991333,6.370551109313965,6.353181838989258,6.361127853393555
6.371,6.3788,6.3671,6.3763,6.375705242156982,6.380960464477539,6.364501476287842,6.3736796379089355
6.3767,6.3767,6.368,6.376400000000001,6.376549243927002,6.37949800491333,6.365123748779297,6.373007297515869
6.371,6.3772,6.367,6.3771,6.381464004516602,6.383765697479248,6.369709014892578,6.3772807121276855
6.3681,6.372,6.3604,6.3681,6.381485462188721,6.381681442260742,6.3686113357543945,6.374395370483398
6.3791,6.3791,6.3645,6.3645,6.380579471588135,6.380009651184082,6.366970062255859,6.37156343460083
6.3871,6.3884,6.379600000000001,6.3881,6.386155605316162,6.389017105102539,6.3743743896484375,6.380955219268799
6.388799999999999,6.3937,6.3877,6.3933,6.388784885406494,6.394683361053467,6.380295753479004,6.388835430145264
6.3914,6.3914,6.3857,6.3862,6.38659143447876,6.393426418304443,6.380558013916016,6.390002727508545
6.3896,6.393,6.3857,6.3924,6.385871887207031,6.392948150634766,6.380674362182617,6.390629291534424
6.385,6.3933,6.3829,6.392,6.3844685554504395,6.391637802124023,6.379278659820557,6.389346599578857
6.3906,6.3906,6.3765,6.3851,6.382175445556641,6.388864040374756,6.375828266143799,6.3856892585754395
6.3858,6.3909,6.3805,6.3871,6.3850789070129395,6.392756938934326,6.37768030166626,6.388530731201172
6.378,6.388,6.3752,6.3861,6.3833112716674805,6.389690399169922,6.375487804412842,6.385501861572266
6.3886,6.3933,6.3758,6.378,6.379909515380859,6.384505271911621,6.370566368103027,6.379189491271973
6.384,6.3963,6.367,6.3928,6.388037204742432,6.394437789916992,6.377898693084717,6.388267517089844
6.3807,6.385,6.3788,6.3831,6.386894702911377,6.392574787139893,6.374999046325684,6.384623050689697
6.3962,6.3973,6.3797,6.3797,6.385171890258789,6.388392925262451,6.37354040145874,6.381542205810547
6.3988,6.4089,6.3908,6.3914,6.396522521972656,6.402118682861328,6.385313987731934,6.395371437072754
6.392,6.3947,6.3841,6.3888,6.401773929595947,6.407031059265137,6.39090633392334,6.400906085968018
6.3924,6.3974,6.389,6.3928,6.397940158843994,6.399776458740234,6.386194705963135,6.393156051635742
6.3969,6.4001,6.3925,6.3927,6.399101734161377,6.401337146759033,6.387766361236572,6.39436149597168
6.3966,6.4044,6.3966,6.3989,6.403464317321777,6.406316757202148,6.392022609710693,6.399127960205078
6.3963,6.3995,6.3917,6.3972,6.404055118560791,6.407042026519775,6.392827033996582,6.400036334991455
6.4009,6.4066,6.3943,6.4066,6.402219295501709,6.405282020568848,6.391160011291504,6.398216247558594
6.3966,6.4016,6.3958,6.4,6.402925968170166,6.40871000289917,6.393223285675049,6.402048587799072
6.4047,6.405,6.3958,6.3977,6.398970127105713,6.403890609741211,6.389796257019043,6.398045539855957
6.393,6.4078,6.3888,6.4056,6.401638507843018,6.408968448638916,6.393800258636475,6.403810024261475
6.3975,6.4048,6.3927,6.3927,6.394247531890869,6.400748252868652,6.38576602935791,6.394700527191162
6.3811,6.3967,6.3811,6.3924,6.39561653137207,6.4032745361328125,6.387327671051025,6.39744234085083
6.3825,6.3863,6.3794,6.3833,6.387021541595459,6.391183853149414,6.3764967918396,6.383873462677002
6.3874,6.3915,6.3802,6.3858,6.386927604675293,6.390871047973633,6.37568998336792,6.383061408996582
6.3908,6.4007,6.3826,6.385,6.390965461730957,6.395599842071533,6.3796067237854,6.387934684753418
6.3939,6.4026,6.3879,6.3923,6.394363880157471,6.399387359619141,6.383144378662109,6.392210006713867
6.3818,6.3976,6.3818,6.393,6.397154808044434,6.401945114135742,6.386322021484375,6.395476818084717
6.4257,6.4257,6.3825,6.3826,6.3919219970703125,6.393449783325195,6.37944221496582,6.385916709899902
6.4335,6.4392,6.4293,6.429899999999999,6.417148113250732,6.4286723136901855,6.406584739685059,6.420864582061768
6.4375,6.4393,6.4263,6.4348,6.425261974334717,6.435711860656738,6.419190883636475,6.43317985534668
6.4337,6.44,6.4326,6.439800000000001,6.428057670593262,6.4357147216796875,6.421882152557373,6.433743476867676
6.4501,6.4512,6.4272,6.4284,6.432021617889404,6.436519622802734,6.42354679107666,6.432836055755615
6.458,6.458,6.4477,6.449,6.448531627655029,6.4545440673828125,6.437016010284424,6.44749641418457
6.4425,6.4506,6.4346,6.4506,6.458046913146973,6.463637828826904,6.446979999542236,6.45692777633667
6.4508,6.4513,6.4394,6.4438,6.450084686279297,6.45149040222168,6.436899662017822,6.442619800567627
6.4746,6.4746,6.4432,6.4448,6.454492568969727,6.458809852600098,6.442217826843262,6.449543476104736
6.4738,6.4755,6.4636,6.4708,6.4691009521484375,6.47934103012085,6.458768844604492,6.470820903778076
6.4596,6.462,6.4527,6.4605,6.46611213684082,6.475478172302246,6.459287643432617,6.4705400466918945
6.4556,6.4644,6.4538,6.4571,6.454951763153076,6.460843086242676,6.447779655456543,6.455909252166748
6.4601,6.4695,6.457,6.4659,6.45440673828125,6.461017608642578,6.446315765380859,6.4549970626831055
6.4701,6.4701,6.4532,6.4589,6.459550857543945,6.467394828796387,6.450102806091309,6.460660457611084
6.4727,6.4733,6.4615,6.4622,6.4652557373046875,6.473930835723877,6.455142974853516,6.4673614501953125
6.4555,6.4691,6.4473,6.4661,6.466226577758789,6.474693775177002,6.457826137542725,6.470060348510742
6.4341,6.457799999999999,6.4306,6.4576,6.4565348625183105,6.462077617645264,6.44650936126709,6.455547332763672
6.4436,6.4442,6.4315,6.4325,6.445307731628418,6.4487481117248535,6.43137264251709,6.4378485679626465
6.4487,6.4522,6.4386,6.4386,6.4502081871032715,6.455521583557129,6.435305595397949,6.443999290466309
6.4491,6.4572,6.447,6.4518,6.452267646789551,6.4586920738220215,6.439582824707031,6.449441432952881
6.4569,6.4571,6.4367,6.444300000000001,6.4506754875183105,6.457126617431641,6.440521240234375,6.45042610168457
6.462,6.4633,6.4534,6.455,6.4539713859558105,6.461327075958252,6.443907737731934,6.454618453979492
6.4643,6.4651,6.4578,6.4617,6.4576568603515625,6.465653419494629,6.449740409851074,6.460841655731201
6.4557,6.4672,6.4543,6.4667,6.459697723388672,6.4669694900512695,6.452437877655029,6.46284818649292
6.4543,6.4595,6.4524,6.4584,6.457211971282959,6.462632179260254,6.448136806488037,6.456726551055908
6.4548,6.4612,6.4337,6.4557,6.4585442543029785,6.462925910949707,6.447205543518066,6.455135822296143
6.46,6.4633,6.4548,6.4565,6.459629058837891,6.464860439300537,6.44578742980957,6.4538984298706055
6.4613,6.4692,6.4591,6.46,6.462621688842773,6.4689040184021,6.450948715209961,6.4599199295043945
6.4678,6.4722,6.4563,6.4605,6.46420955657959,6.469844341278076,6.453594207763672,6.462154865264893
6.4656,6.4708,6.4656,6.4667,6.46875524520874,6.4749250411987305,6.4581074714660645,6.467084884643555
6.4865,6.4878,6.472,6.472,6.468939781188965,6.473662376403809,6.458852767944336,6.466550350189209
6.4745,6.4866,6.474500000000001,6.4818,6.481454849243164,6.490152835845947,6.473244667053223,6.48424768447876
6.4736,6.4795,6.4733,6.4757,6.477419376373291,6.482219696044922,6.4683308601379395,6.47602653503418
6.4797,6.4843,6.4695,6.4714,6.477118492126465,6.481323719024658,6.467039585113525,6.474119663238525
6.4918,6.4965,6.4807,6.4825,6.482072353363037,6.487495422363281,6.471365928649902,6.479510307312012
6.4955,6.5042,6.4941,6.5015,6.489175796508789,6.4972124099731445,6.480615139007568,6.4908270835876465
6.4847,6.4984,6.4841,6.4949,6.491093635559082,6.499282360076904,6.484732151031494,6.495028495788574
6.4853,6.4853,6.4795,6.4847,6.485945224761963,6.491194248199463,6.4772419929504395,6.485284328460693
6.4785,6.4878,6.477,6.4868,6.48671817779541,6.491592884063721,6.476283550262451,6.484234809875488
6.4743,6.4803,6.473800000000001,6.4747,6.4839186668396,6.4882354736328125,6.472780227661133,6.480088233947754
6.4777,6.4836,6.4761,6.4774,6.481009006500244,6.484728813171387,6.4692864418029785,6.476263999938965
6.4766,6.4809,6.473800000000001,6.4795,6.481383800506592,6.4869537353515625,6.471124649047852,6.47953987121582
6.4846,6.4883,6.475200000000001,6.4797,6.478745937347412,6.484490394592285,6.4694294929504395,6.477914810180664
6.4825,6.4862,6.4785,6.4859,6.480208396911621,6.488980770111084,6.473062515258789,6.483805179595947
6.4821,6.4884,6.4742,6.4864,6.476917743682861,6.485620021820068,6.471189022064209,6.481666564941406
6.465799999999999,6.4843,6.4629,6.4831,6.475029945373535,6.484586715698242,6.469296455383301,6.480246067047119
6.467,6.467,6.4604,6.4616,6.466916084289551,6.474282264709473,6.458099842071533,6.467099189758301
6.4661,6.4667,6.4563,6.465,6.467683792114258,6.474346160888672,6.456613063812256,6.465818881988525
6.4655,6.4705,6.4623,6.4704,6.467770576477051,6.473877429962158,6.45620059967041,6.465007305145264
6.4629,6.468600000000001,6.4595,6.4621,6.468446254730225,6.474191188812256,6.457296848297119,6.465857982635498
6.4637,6.4679,6.4511,6.4614,6.469542980194092,6.473528861999512,6.45704460144043,6.464535713195801
6.4854,6.4875,6.4562,6.4564,6.471582889556885,6.4755539894104,6.457839488983154,6.46497917175293
6.5094,6.5095,6.4909,6.4909,6.484036922454834,6.493276119232178,6.472620964050293,6.483549118041992
6.4776,6.512,6.4742,6.510400000000001,6.497406959533691,6.510981559753418,6.492842674255371,6.506418228149414
6.4795,6.4874,6.4788,6.4829,6.481154441833496,6.488740921020508,6.473480224609375,6.480746269226074
6.4684,6.4817,6.468,6.4813,6.482395172119141,6.489516735076904,6.471460819244385,6.479009628295898
